1568191878.4698474,99366.0,679.0,1568199077.0,72.0
1568191878.510976,99407.0,681.0,1568199077.0,74.0
1568191878.5530696,99449.0,681.0,1568199077.0,75.0
1568191878.594364,99490.0,680.0,1568199077.0,74.0
1568191878.6364825,99532.0,681.0,1568199078.0,74.0
1568191878.677634,99574.0,682.0,1568199078.0,71.0
1568191878.7186744,99615.0,678.0,1568199078.0,74.0
1568191878.7603514,99657.0,680.0,1568199078.0,76.0
1568191878.8022687,99698.0,680.0,1568199078.0,73.0
1568191878.8438408,99740.0,682.0,1568199078.0,74.0
1568191878.8851132,99781.0,680.0,1568199078.0,75.0
1568191878.9254506,99822.0,678.0,1568199078.0,78.0
1568191878.9677527,99864.0,678.0,1568199078.0,72.0
1568191879.009324,99905.0,662.0,1568199078.0,78.0
1568191879.0507247,99947.0,661.0,1568199078.0,75.0
1568191879.092083,99988.0,660.0,1568199078.0,76.0
1568191879.1333463,30.0,661.0,1568199078.0,77.0
1568191879.1743515,71.0,663.0,1568199078.0,74.0
1568191879.2155714,112.0,663.0,1568199078.0,73.0
1568191879.257485,153.0,664.0,1568199078.0,75.0
1568191879.298297,195.0,664.0,1568199078.0,76.0
1568191879.3390167,236.0,665.0,1568199078.0,77.0
1568191879.3802958,277.0,664.0,1568199078.0,75.0
1568191879.4216468,318.0,665.0,1568199078.0,74.0
1568191879.462883,359.0,664.0,1568199078.0,75.0
1568191879.504263,401.0,665.0,1568199078.0,75.0
1568191879.5454595,442.0,664.0,1568199078.0,76.0
1568191879.5864203,483.0,664.0,1568199078.0,78.0
1568191879.6281781,524.0,665.0,1568199079.0,77.0
1568191879.6703687,566.0,665.0,1568199079.0,75.0
1568191879.7120135,608.0,662.0,1568199079.0,76.0
1568191879.7539518,650.0,662.0,1568199079.0,77.0
1568191879.7940605,691.0,662.0,1568199079.0,74.0
1568191879.835912,732.0,662.0,1568199079.0,78.0
1568191879.8778772,774.0,662.0,1568199079.0,74.0
1568191879.9186425,815.0,664.0,1568199079.0,76.0
1568191879.9604685,857.0,665.0,1568199079.0,75.0
1568191880.0020363,898.0,667.0,1568199079.0,78.0
1568191880.0432658,939.0,678.0,1568199079.0,76.0
1568191880.085239,981.0,678.0,1568199079.0,76.0
1568191880.1266353,1022.0,680.0,1568199079.0,76.0
1568191880.168312,1064.0,678.0,1568199079.0,75.0
1568191880.2099352,1106.0,677.0,1568199079.0,78.0
1568191880.250641,1147.0,675.0,1568199079.0,77.0
1568191880.2927537,1189.0,676.0,1568199079.0,74.0
1568191880.3338993,1230.0,673.0,1568199079.0,73.0
1568191880.3758929,1272.0,672.0,1568199079.0,77.0
1568191880.4169488,1313.0,678.0,1568199079.0,77.0
1568191880.457849,1354.0,686.0,1568199079.0,76.0
1568191880.4995642,1396.0,684.0,1568199079.0,74.0
1568191880.540908,1437.0,679.0,1568199079.0,78.0
1568191880.5826402,1479.0,685.0,1568199079.0,77.0
1568191880.6239104,1520.0,682.0,1568199080.0,74.0
1568191880.665853,1562.0,681.0,1568199080.0,77.0
1568191880.7070615,1604.0,682.0,1568199080.0,75.0
1568191880.7491257,1645.0,682.0,1568199080.0,77.0
1568191880.7904341,1687.0,684.0,1568199080.0,77.0
1568191880.8316495,1728.0,681.0,1568199080.0,76.0
1568191880.8726184,1769.0,676.0,1568199080.0,77.0
1568191880.9148064,1811.0,685.0,1568199080.0,76.0
1568191880.9559617,1852.0,685.0,1568199080.0,77.0
1568191880.9979239,1894.0,697.0,1568199080.0,75.0
1568191881.0385385,1935.0,702.0,1568199080.0,77.0
1568191881.079933,1976.0,705.0,1568199080.0,75.0
1568191881.1218305,2018.0,705.0,1568199080.0,73.0
1568191881.1627438,2059.0,701.0,1568199080.0,78.0
1568191881.204942,2101.0,696.0,1568199080.0,71.0
1568191881.245985,2142.0,686.0,1568199080.0,76.0
1568191881.2876134,2184.0,673.0,1568199080.0,75.0
1568191881.3292253,2225.0,655.0,1568199080.0,79.0
1568191881.3706496,2266.0,625.0,1568199080.0,76.0
1568191881.4120865,2308.0,569.0,1568199080.0,78.0
1568191881.454112,2350.0,537.0,1568199080.0,79.0
1568191881.4952621,2392.0,507.0,1568199080.0,79.0
1568191881.5365996,2433.0,474.0,1568199080.0,83.0
1568191881.5775812,2474.0,480.0,1568199080.0,80.0
1568191881.6194012,2515.0,460.0,1568199081.0,81.0
1568191881.6615875,2557.0,445.0,1568199081.0,88.0
1568191881.703005,2599.0,430.0,1568199081.0,84.0
1568191881.7443788,2641.0,433.0,1568199081.0,88.0
1568191881.7853742,2682.0,430.0,1568199081.0,87.0
1568191881.8274443,2723.0,414.0,1568199081.0,88.0
1568191881.8687048,2765.0,410.0,1568199081.0,93.0
1568191881.9104235,2806.0,413.0,1568199081.0,95.0
1568191881.9513302,2848.0,403.0,1568199081.0,94.0
1568191881.9927118,2889.0,408.0,1568199081.0,93.0
1568191882.0344002,2930.0,414.0,1568199081.0,92.0
1568191882.0752,2972.0,421.0,1568199081.0,89.0
1568191882.1170783,3013.0,416.0,1568199081.0,87.0
1568191882.158148,3055.0,420.0,1568199081.0,83.0
1568191882.1994827,3096.0,415.0,1568199081.0,79.0
1568191882.241543,3137.0,421.0,1568199081.0,77.0
1568191882.2825716,3179.0,430.0,1568199081.0,80.0
1568191882.3238118,3220.0,448.0,1568199081.0,73.0
1568191882.3653972,3262.0,477.0,1568199081.0,77.0
1568191882.406539,3303.0,523.0,1568199081.0,77.0
1568191882.448151,3344.0,555.0,1568199081.0,77.0
1568191882.4891498,3385.0,602.0,1568199081.0,76.0
1568191882.5311315,3427.0,624.0,1568199081.0,76.0
1568191882.5720415,3468.0,636.0,1568199081.0,80.0
1568191882.6139781,3509.0,658.0,1568199082.0,76.0
1568191882.655458,3552.0,690.0,1568199082.0,74.0
1568191882.6970265,3593.0,708.0,1568199082.0,72.0
1568191882.7386556,3635.0,721.0,1568199082.0,73.0
1568191882.7797701,3676.0,721.0,1568199082.0,71.0
1568191882.8208933,3717.0,714.0,1568199082.0,69.0
1568191882.8620384,3758.0,709.0,1568199082.0,71.0
1568191882.9032707,3799.0,705.0,1568199082.0,75.0
1568191882.9452639,3841.0,692.0,1568199082.0,72.0
1568191882.986649,3882.0,649.0,1568199082.0,75.0
1568191883.0277178,3924.0,584.0,1568199082.0,74.0
1568191883.0692253,3965.0,532.0,1568199082.0,73.0
1568191883.1106217,4006.0,489.0,1568199082.0,79.0
1568191883.1523056,4048.0,488.0,1568199082.0,84.0
1568191883.1929505,4090.0,466.0,1568199082.0,92.0
1568191883.2336006,4131.0,463.0,1568199082.0,109.0
1568191883.2746177,4172.0,470.0,1568199082.0,133.0
1568191883.3154092,4213.0,486.0,1568199082.0,190.0
1568191883.3571863,4255.0,388.0,1568199082.0,353.0
1568191883.3985925,4296.0,406.0,1568199082.0,8191.0
1568191883.4404778,4338.0,372.0,1568199082.0,595.0
1568191883.4815443,4379.0,382.0,1568199082.0,409.0
1568191883.5221717,4420.0,374.0,1568199082.0,278.0
1568191883.5644715,4462.0,368.0,1568199082.0,196.0
1568191883.6061187,4503.0,381.0,1568199082.0,142.0
1568191883.6479163,4546.0,397.0,1568199083.0,109.0
1568191883.6906195,4587.0,374.0,1568199083.0,84.0
1568191883.731453,4628.0,367.0,1568199083.0,72.0
1568191883.7736967,4670.0,360.0,1568199083.0,69.0
1568191883.8147,4711.0,376.0,1568199083.0,72.0
1568191883.8568823,4753.0,537.0,1568199083.0,75.0
1568191883.8971202,4794.0,694.0,1568199083.0,73.0
1568191883.9386394,4835.0,713.0,1568199083.0,71.0
1568191883.980761,4877.0,720.0,1568199083.0,70.0
1568191884.0219522,4918.0,737.0,1568199083.0,70.0
1568191884.0633898,4960.0,758.0,1568199083.0,72.0
1568191884.104735,5001.0,760.0,1568199083.0,73.0
1568191884.1456532,5042.0,768.0,1568199083.0,72.0
1568191884.1872504,5084.0,772.0,1568199083.0,72.0
1568191884.2288322,5125.0,776.0,1568199083.0,70.0
1568191884.2702763,5167.0,775.0,1568199083.0,74.0
1568191884.3112621,5208.0,763.0,1568199083.0,72.0
1568191884.3532228,5249.0,748.0,1568199083.0,74.0
1568191884.3946385,5291.0,748.0,1568199083.0,75.0
1568191884.4362216,5332.0,608.0,1568199083.0,79.0
1568191884.4785237,5375.0,532.0,1568199083.0,90.0
1568191884.5179772,5416.0,518.0,1568199083.0,117.0
1568191884.5587733,5457.0,483.0,1568199083.0,163.0
1568191884.5996537,5498.0,489.0,1568199083.0,208.0
1568191884.6421478,5540.0,478.0,1568199084.0,219.0
1568191884.6838198,5582.0,483.0,1568199084.0,198.0
1568191884.7250698,5623.0,474.0,1568199084.0,168.0
1568191884.7655632,5664.0,462.0,1568199084.0,140.0
1568191884.8066833,5705.0,464.0,1568199084.0,121.0
1568191884.8479488,5746.0,468.0,1568199084.0,101.0
1568191884.8914332,5788.0,452.0,1568199084.0,89.0
1568191884.9325032,5829.0,450.0,1568199084.0,83.0
1568191884.9740868,5871.0,449.0,1568199084.0,76.0
1568191885.0152807,5912.0,441.0,1568199084.0,68.0
1568191885.0570376,5953.0,493.0,1568199084.0,72.0
1568191885.0984147,5995.0,722.0,1568199084.0,71.0
1568191885.1393638,6036.0,723.0,1568199084.0,77.0
1568191885.1816456,6078.0,727.0,1568199084.0,72.0
1568191885.222648,6119.0,763.0,1568199084.0,72.0
1568191885.26363,6160.0,775.0,1568199084.0,73.0
1568191885.3050551,6202.0,781.0,1568199084.0,73.0
1568191885.346657,6243.0,786.0,1568199084.0,73.0
1568191885.3883042,6285.0,782.0,1568199084.0,71.0
1568191885.42987,6326.0,780.0,1568199084.0,71.0
1568191885.4704826,6367.0,786.0,1568199084.0,72.0
1568191885.512229,6408.0,795.0,1568199084.0,71.0
1568191885.554404,6450.0,773.0,1568199084.0,73.0
1568191885.5967913,6492.0,759.0,1568199084.0,72.0
1568191885.638102,6535.0,727.0,1568199085.0,75.0
1568191885.6795692,6576.0,645.0,1568199085.0,73.0
1568191885.7218575,6618.0,542.0,1568199085.0,81.0
1568191885.761178,6659.0,526.0,1568199085.0,100.0
1568191885.8026543,6701.0,476.0,1568199085.0,142.0
1568191885.8437278,6742.0,474.0,1568199085.0,185.0
1568191885.8852377,6783.0,476.0,1568199085.0,214.0
1568191885.9266942,6825.0,468.0,1568199085.0,204.0
1568191885.9679666,6866.0,468.0,1568199085.0,170.0
1568191886.009725,6908.0,463.0,1568199085.0,135.0
1568191886.0506845,6949.0,447.0,1568199085.0,116.0
1568191886.093976,6990.0,454.0,1568199085.0,99.0
1568191886.1353736,7032.0,449.0,1568199085.0,86.0
1568191886.1770923,7073.0,446.0,1568199085.0,81.0
1568191886.217978,7115.0,441.0,1568199085.0,79.0
1568191886.2593052,7156.0,446.0,1568199085.0,73.0
1568191886.30104,7197.0,430.0,1568199085.0,73.0
1568191886.342666,7239.0,642.0,1568199085.0,73.0
1568191886.3834128,7280.0,681.0,1568199085.0,71.0
1568191886.4258382,7322.0,685.0,1568199085.0,71.0
1568191886.4666598,7363.0,716.0,1568199085.0,73.0
1568191886.5075343,7404.0,740.0,1568199085.0,75.0
1568191886.5485637,7445.0,759.0,1568199085.0,73.0
1568191886.5903258,7486.0,750.0,1568199085.0,72.0
1568191886.6322002,7528.0,746.0,1568199086.0,72.0
1568191886.6745625,7570.0,732.0,1568199086.0,72.0
1568191886.7157815,7612.0,680.0,1568199086.0,72.0
1568191886.7566912,7653.0,603.0,1568199086.0,73.0
1568191886.7983303,7694.0,524.0,1568199086.0,76.0
1568191886.8400245,7736.0,495.0,1568199086.0,79.0
1568191886.8815796,7777.0,486.0,1568199086.0,83.0
1568191886.9230478,7819.0,481.0,1568199086.0,93.0
1568191886.9627223,7861.0,474.0,1568199086.0,114.0
1568191887.0036392,7902.0,449.0,1568199086.0,154.0
1568191887.045859,7943.0,441.0,1568199086.0,213.0
1568191887.086401,7985.0,453.0,1568199086.0,256.0
1568191887.1285977,8026.0,460.0,1568199086.0,242.0
1568191887.1699235,8068.0,459.0,1568199086.0,187.0
1568191887.2106779,8109.0,460.0,1568199086.0,144.0
1568191887.2522924,8150.0,459.0,1568199086.0,122.0
1568191887.2940607,8192.0,442.0,1568199086.0,101.0
1568191887.3375251,8233.0,416.0,1568199086.0,88.0
1568191887.3782866,8275.0,416.0,1568199086.0,77.0
1568191887.4195046,8316.0,432.0,1568199086.0,71.0
1568191887.4610124,8357.0,397.0,1568199086.0,70.0
1568191887.5027406,8399.0,385.0,1568199086.0,74.0
1568191887.5449598,8441.0,435.0,1568199086.0,75.0
1568191887.586098,8482.0,609.0,1568199086.0,77.0
1568191887.6280894,8523.0,653.0,1568199087.0,75.0
1568191887.6694896,8566.0,680.0,1568199087.0,77.0
1568191887.7110116,8607.0,710.0,1568199087.0,75.0
1568191887.753138,8649.0,726.0,1568199087.0,75.0
1568191887.79416,8690.0,737.0,1568199087.0,75.0
1568191887.834847,8731.0,736.0,1568199087.0,74.0
1568191887.8770523,8773.0,736.0,1568199087.0,73.0
1568191887.9184592,8814.0,726.0,1568199087.0,76.0
1568191887.9597147,8856.0,715.0,1568199087.0,76.0
1568191888.0006316,8897.0,686.0,1568199087.0,72.0
1568191888.0425792,8938.0,642.0,1568199087.0,75.0
1568191888.0839863,8980.0,568.0,1568199087.0,78.0
1568191888.1252022,9021.0,517.0,1568199087.0,78.0
1568191888.1665943,9063.0,493.0,1568199087.0,88.0
1568191888.2063951,9104.0,465.0,1568199087.0,109.0
1568191888.2470884,9145.0,440.0,1568199087.0,155.0
1568191888.2884018,9186.0,428.0,1568199087.0,212.0
1568191888.3291514,9227.0,421.0,1568199087.0,237.0
1568191888.3709698,9269.0,421.0,1568199087.0,217.0
1568191888.4122274,9310.0,415.0,1568199087.0,186.0
1568191888.454382,9352.0,415.0,1568199087.0,147.0
1568191888.4949026,9393.0,416.0,1568199087.0,122.0
1568191888.5360954,9434.0,422.0,1568199087.0,105.0
1568191888.5796,9476.0,416.0,1568199087.0,94.0
1568191888.6222663,9517.0,406.0,1568199088.0,87.0
1568191888.6632535,9560.0,396.0,1568199088.0,82.0
1568191888.7048113,9601.0,376.0,1568199088.0,81.0
1568191888.7465448,9642.0,376.0,1568199088.0,72.0
1568191888.788113,9684.0,392.0,1568199088.0,74.0
1568191888.8293216,9725.0,624.0,1568199088.0,71.0
1568191888.8707368,9767.0,692.0,1568199088.0,74.0
1568191888.9117234,9808.0,703.0,1568199088.0,73.0
1568191888.9532695,9849.0,708.0,1568199088.0,72.0
1568191888.9946573,9891.0,746.0,1568199088.0,70.0
1568191889.0363643,9932.0,746.0,1568199088.0,72.0
1568191889.0777633,9974.0,750.0,1568199088.0,72.0
1568191889.1186414,10015.0,739.0,1568199088.0,73.0
1568191889.160238,10056.0,734.0,1568199088.0,71.0
1568191889.202173,10098.0,713.0,1568199088.0,75.0
1568191889.2430663,10139.0,691.0,1568199088.0,73.0
1568191889.284947,10181.0,638.0,1568199088.0,77.0
1568191889.326084,10222.0,548.0,1568199088.0,77.0
1568191889.3671596,10263.0,496.0,1568199088.0,83.0
1568191889.4084933,10305.0,477.0,1568199088.0,99.0
1568191889.448466,10346.0,456.0,1568199088.0,134.0
1568191889.490298,10388.0,433.0,1568199088.0,202.0
1568191889.5311584,10429.0,426.0,1568199088.0,249.0
1568191889.572397,10470.0,427.0,1568199088.0,241.0
1568191889.6146832,10512.0,417.0,1568199089.0,213.0
1568191889.6566095,10554.0,412.0,1568199089.0,171.0
1568191889.6986356,10596.0,412.0,1568199089.0,134.0
1568191889.7397578,10638.0,437.0,1568199089.0,112.0
1568191889.7821693,10679.0,405.0,1568199089.0,98.0
1568191889.8244731,10720.0,415.0,1568199089.0,85.0
1568191889.8662217,10762.0,403.0,1568199089.0,81.0
1568191889.9078374,10804.0,390.0,1568199089.0,73.0
1568191889.9489503,10845.0,379.0,1568199089.0,75.0
1568191889.9896204,10886.0,429.0,1568199089.0,76.0
1568191890.030637,10927.0,612.0,1568199089.0,76.0
1568191890.0721424,10968.0,642.0,1568199089.0,75.0
1568191890.1132317,11010.0,675.0,1568199089.0,74.0
1568191890.1545901,11051.0,696.0,1568199089.0,73.0
1568191890.1968117,11093.0,708.0,1568199089.0,75.0
1568191890.2380185,11134.0,721.0,1568199089.0,73.0
1568191890.2786176,11175.0,706.0,1568199089.0,72.0
1568191890.3203452,11217.0,636.0,1568199089.0,74.0
1568191890.3621995,11258.0,566.0,1568199089.0,77.0
1568191890.4037378,11300.0,522.0,1568199089.0,75.0
1568191890.4450533,11341.0,495.0,1568199089.0,76.0
1568191890.4863832,11382.0,475.0,1568199089.0,78.0
1568191890.5281694,11424.0,465.0,1568199089.0,79.0
1568191890.569708,11466.0,448.0,1568199089.0,83.0
1568191890.6115942,11507.0,447.0,1568199089.0,89.0
1568191890.6512432,11549.0,436.0,1568199090.0,110.0
1568191890.6930742,11590.0,418.0,1568199090.0,143.0
1568191890.7346804,11633.0,378.0,1568199090.0,224.0
1568191890.7759418,11674.0,386.0,1568199090.0,306.0
1568191890.8177342,11716.0,389.0,1568199090.0,370.0
1568191890.858673,11757.0,388.0,1568199090.0,315.0
1568191890.8999224,11798.0,391.0,1568199090.0,255.0
1568191890.9420626,11840.0,390.0,1568199090.0,192.0
1568191890.9828422,11881.0,390.0,1568199090.0,143.0
1568191891.0247343,11923.0,386.0,1568199090.0,110.0
1568191891.067547,11964.0,389.0,1568199090.0,89.0
1568191891.1091094,12005.0,402.0,1568199090.0,75.0
1568191891.1506286,12047.0,392.0,1568199090.0,69.0
1568191891.1915114,12088.0,447.0,1568199090.0,76.0
1568191891.2335312,12130.0,590.0,1568199090.0,76.0
1568191891.2746406,12171.0,617.0,1568199090.0,73.0
1568191891.3157334,12212.0,636.0,1568199090.0,71.0
1568191891.3576038,12254.0,642.0,1568199090.0,72.0
1568191891.3989632,12295.0,664.0,1568199090.0,72.0
1568191891.4412084,12337.0,664.0,1568199090.0,70.0
1568191891.4823272,12378.0,626.0,1568199090.0,70.0
1568191891.5230541,12419.0,574.0,1568199090.0,72.0
1568191891.5646486,12461.0,546.0,1568199090.0,73.0
1568191891.6065726,12502.0,513.0,1568199090.0,73.0
1568191891.6489913,12545.0,489.0,1568199091.0,73.0
1568191891.6898167,12586.0,469.0,1568199091.0,75.0
1568191891.7303445,12627.0,465.0,1568199091.0,74.0
1568191891.7717128,12668.0,449.0,1568199091.0,76.0
1568191891.8133047,12709.0,449.0,1568199091.0,91.0
1568191891.8531413,12751.0,437.0,1568199091.0,118.0
1568191891.893967,12792.0,402.0,1568199091.0,167.0
1568191891.9360647,12834.0,399.0,1568199091.0,207.0
1568191891.9772298,12875.0,402.0,1568199091.0,223.0
1568191892.0182517,12916.0,401.0,1568199091.0,199.0
1568191892.059778,12958.0,401.0,1568199091.0,167.0
1568191892.1013398,12999.0,401.0,1568199091.0,135.0
1568191892.1428485,13041.0,397.0,1568199091.0,113.0
1568191892.1841583,13082.0,396.0,1568199091.0,102.0
1568191892.226909,13123.0,391.0,1568199091.0,91.0
1568191892.2684796,13165.0,392.0,1568199091.0,83.0
1568191892.310051,13206.0,386.0,1568199091.0,81.0
1568191892.351569,13248.0,384.0,1568199091.0,78.0
1568191892.3929045,13289.0,379.0,1568199091.0,75.0
1568191892.4334185,13330.0,495.0,1568199091.0,78.0
1568191892.4755104,13372.0,641.0,1568199091.0,77.0
1568191892.5171058,13413.0,666.0,1568199091.0,74.0
1568191892.5585837,13455.0,692.0,1568199091.0,76.0
1568191892.5991576,13496.0,716.0,1568199091.0,77.0
1568191892.6414402,13537.0,714.0,1568199092.0,75.0
1568191892.682695,13579.0,724.0,1568199092.0,78.0
1568191892.7244887,13620.0,725.0,1568199092.0,77.0
1568191892.7663376,13662.0,724.0,1568199092.0,77.0
1568191892.8069434,13703.0,722.0,1568199092.0,76.0
1568191892.8484027,13744.0,712.0,1568199092.0,76.0
1568191892.8902366,13786.0,701.0,1568199092.0,77.0
1568191892.9311042,13827.0,686.0,1568199092.0,75.0
1568191892.9725919,13869.0,627.0,1568199092.0,79.0
1568191893.0142045,13910.0,535.0,1568199092.0,81.0
1568191893.0553033,13951.0,487.0,1568199092.0,88.0
1568191893.0953045,13993.0,471.0,1568199092.0,112.0
1568191893.1363292,14035.0,441.0,1568199092.0,161.0
1568191893.1785958,14076.0,478.0,1568199092.0,222.0
1568191893.2192898,14117.0,468.0,1568199092.0,247.0
1568191893.260618,14158.0,435.0,1568199092.0,234.0
1568191893.3016758,14200.0,434.0,1568199092.0,184.0
1568191893.3431966,14241.0,435.0,1568199092.0,145.0
1568191893.3854473,14283.0,426.0,1568199092.0,118.0
1568191893.4281642,14324.0,414.0,1568199092.0,98.0
1568191893.468728,14365.0,402.0,1568199092.0,84.0
1568191893.5106933,14407.0,394.0,1568199092.0,76.0
1568191893.552939,14448.0,397.0,1568199092.0,76.0
1568191893.594332,14491.0,442.0,1568199092.0,81.0
1568191893.6364286,14532.0,585.0,1568199093.0,79.0
1568191893.6781232,14574.0,618.0,1568199093.0,80.0
1568191893.7190106,14616.0,633.0,1568199093.0,76.0
1568191893.7607543,14657.0,645.0,1568199093.0,77.0
1568191893.8025236,14698.0,653.0,1568199093.0,80.0
1568191893.8442,14740.0,643.0,1568199093.0,79.0
1568191893.8855782,14782.0,620.0,1568199093.0,75.0
1568191893.9266248,14823.0,597.0,1568199093.0,80.0
1568191893.9684677,14864.0,549.0,1568199093.0,79.0
1568191894.0102966,14906.0,533.0,1568199093.0,80.0
1568191894.0508888,14947.0,488.0,1568199093.0,78.0
1568191894.093361,14989.0,468.0,1568199093.0,84.0
1568191894.1342065,15030.0,462.0,1568199093.0,92.0
1568191894.175361,15071.0,462.0,1568199093.0,99.0
1568191894.2151542,15113.0,447.0,1568199093.0,135.0
1568191894.2566717,15154.0,408.0,1568199093.0,198.0
1568191894.2984653,15196.0,388.0,1568199093.0,291.0
1568191894.3392632,15237.0,393.0,1568199093.0,348.0
1568191894.3805175,15278.0,391.0,1568199093.0,310.0
1568191894.4226856,15320.0,388.0,1568199093.0,236.0
1568191894.463829,15362.0,388.0,1568199093.0,167.0
1568191894.5059707,15403.0,391.0,1568199093.0,122.0
1568191894.5488102,15445.0,388.0,1568199093.0,96.0
1568191894.5893958,15486.0,382.0,1568199093.0,82.0
1568191894.6313076,15528.0,373.0,1568199094.0,77.0
1568191894.673649,15569.0,365.0,1568199094.0,72.0
1568191894.7152083,15611.0,373.0,1568199094.0,70.0
1568191894.756376,15653.0,437.0,1568199094.0,75.0
1568191894.7978215,15694.0,633.0,1568199094.0,74.0
1568191894.8390813,15735.0,711.0,1568199094.0,72.0
1568191894.8807619,15777.0,726.0,1568199094.0,72.0
1568191894.922588,15818.0,740.0,1568199094.0,70.0
1568191894.9632192,15860.0,750.0,1568199094.0,71.0
1568191895.004683,15901.0,752.0,1568199094.0,71.0
1568191895.0465403,15942.0,756.0,1568199094.0,68.0
1568191895.087288,15984.0,740.0,1568199094.0,74.0
1568191895.1288788,16025.0,728.0,1568199094.0,71.0
1568191895.170408,16067.0,704.0,1568199094.0,70.0
1568191895.2112026,16108.0,648.0,1568199094.0,71.0
1568191895.252536,16149.0,627.0,1568199094.0,72.0
1568191895.2932396,16190.0,590.0,1568199094.0,71.0
1568191895.3351984,16231.0,514.0,1568199094.0,75.0
1568191895.3763936,16273.0,497.0,1568199094.0,76.0
1568191895.4175875,16314.0,478.0,1568199094.0,88.0
1568191895.4566145,16355.0,465.0,1568199094.0,109.0
1568191895.4980183,16396.0,411.0,1568199094.0,153.0
1568191895.5396552,16437.0,387.0,1568199094.0,230.0
1568191895.5805957,16479.0,403.0,1568199094.0,305.0
1568191895.6224263,16520.0,409.0,1568199095.0,316.0
1568191895.6646385,16562.0,406.0,1568199095.0,250.0
1568191895.7058601,16603.0,408.0,1568199095.0,180.0
1568191895.747452,16645.0,417.0,1568199095.0,132.0
1568191895.7881656,16686.0,405.0,1568199095.0,110.0
1568191895.8319404,16728.0,392.0,1568199095.0,90.0
1568191895.8731854,16769.0,376.0,1568199095.0,80.0
1568191895.9146383,16810.0,372.0,1568199095.0,72.0
1568191895.9559803,16852.0,375.0,1568199095.0,72.0
1568191895.99714,16893.0,487.0,1568199095.0,77.0
1568191896.0387886,16935.0,702.0,1568199095.0,74.0
1568191896.080159,16976.0,706.0,1568199095.0,75.0
1568191896.1218343,17017.0,720.0,1568199095.0,72.0
1568191896.1626596,17059.0,742.0,1568199095.0,72.0
1568191896.20447,17100.0,756.0,1568199095.0,68.0
1568191896.2463439,17142.0,763.0,1568199095.0,71.0
1568191896.2872167,17183.0,765.0,1568199095.0,71.0
1568191896.3281107,17224.0,760.0,1568199095.0,72.0
1568191896.3702455,17266.0,754.0,1568199095.0,74.0
1568191896.4109945,17307.0,744.0,1568199095.0,73.0
1568191896.453109,17349.0,718.0,1568199095.0,74.0
1568191896.4937298,17390.0,702.0,1568199095.0,75.0
1568191896.53498,17431.0,668.0,1568199095.0,75.0
1568191896.5770087,17473.0,614.0,1568199095.0,74.0
1568191896.61919,17514.0,519.0,1568199096.0,78.0
1568191896.6611156,17557.0,494.0,1568199096.0,86.0
1568191896.7004714,17598.0,465.0,1568199096.0,101.0
1568191896.741848,17640.0,435.0,1568199096.0,135.0
1568191896.783596,17681.0,397.0,1568199096.0,204.0
1568191896.8247752,17723.0,398.0,1568199096.0,280.0
1568191896.8665366,17764.0,401.0,1568199096.0,301.0
1568191896.9079359,17806.0,398.0,1568199096.0,272.0
1568191896.9492707,17847.0,398.0,1568199096.0,190.0
1568191896.9906309,17889.0,394.0,1568199096.0,141.0
1568191897.031754,17930.0,393.0,1568199096.0,109.0
1568191897.0752428,17972.0,390.0,1568199096.0,95.0
1568191897.1167703,18013.0,376.0,1568199096.0,80.0
1568191897.1579425,18054.0,367.0,1568199096.0,78.0
1568191897.198695,18095.0,364.0,1568199096.0,76.0
1568191897.239968,18136.0,560.0,1568199096.0,74.0
1568191897.281829,18178.0,717.0,1568199096.0,75.0
1568191897.3227751,18219.0,721.0,1568199096.0,74.0
1568191897.3644834,18261.0,748.0,1568199096.0,75.0
1568191897.4054213,18302.0,757.0,1568199096.0,72.0
1568191897.4466684,18343.0,758.0,1568199096.0,76.0
1568191897.4889133,18385.0,768.0,1568199096.0,71.0
1568191897.5300071,18426.0,763.0,1568199096.0,71.0
1568191897.5712504,18468.0,754.0,1568199096.0,74.0
1568191897.612765,18509.0,748.0,1568199096.0,73.0
1568191897.6545987,18550.0,718.0,1568199097.0,73.0
1568191897.6961985,18592.0,649.0,1568199097.0,78.0
1568191897.7375672,18634.0,578.0,1568199097.0,76.0
1568191897.7791336,18675.0,532.0,1568199097.0,79.0
1568191897.820128,18717.0,505.0,1568199097.0,87.0
1568191897.8597996,18758.0,513.0,1568199097.0,106.0
1568191897.901289,18799.0,480.0,1568199097.0,135.0
1568191897.9426332,18841.0,483.0,1568199097.0,201.0
1568191897.9846942,18882.0,446.0,1568199097.0,296.0
1568191898.02582,18924.0,462.0,1568199097.0,296.0
1568191898.0663068,18965.0,465.0,1568199097.0,223.0
1568191898.1086166,19006.0,474.0,1568199097.0,162.0
1568191898.1501415,19048.0,480.0,1568199097.0,126.0
1568191898.1919377,19090.0,483.0,1568199097.0,103.0
1568191898.234647,19131.0,485.0,1568199097.0,93.0
1568191898.2755077,19172.0,464.0,1568199097.0,86.0
1568191898.317741,19214.0,451.0,1568199097.0,80.0
1568191898.3586178,19255.0,450.0,1568199097.0,76.0
1568191898.400787,19297.0,451.0,1568199097.0,70.0
1568191898.4417024,19338.0,553.0,1568199097.0,72.0
1568191898.482574,19379.0,748.0,1568199097.0,73.0
1568191898.524732,19421.0,746.0,1568199097.0,74.0
1568191898.5658925,19462.0,759.0,1568199097.0,72.0
1568191898.6074064,19504.0,776.0,1568199097.0,72.0
1568191898.6485114,19545.0,782.0,1568199098.0,71.0
1568191898.6905715,19586.0,787.0,1568199098.0,70.0
1568191898.7324421,19629.0,788.0,1568199098.0,72.0
1568191898.7739801,19670.0,787.0,1568199098.0,74.0
1568191898.8155854,19712.0,794.0,1568199098.0,71.0
1568191898.8574927,19754.0,795.0,1568199098.0,70.0
1568191898.8988554,19795.0,761.0,1568199098.0,75.0
1568191898.940159,19836.0,730.0,1568199098.0,73.0
1568191898.9813025,19878.0,654.0,1568199098.0,73.0
1568191899.0222826,19918.0,536.0,1568199098.0,77.0
1568191899.063725,19960.0,501.0,1568199098.0,86.0
1568191899.1036084,20001.0,477.0,1568199098.0,108.0
1568191899.144555,20043.0,452.0,1568199098.0,158.0
1568191899.186127,20084.0,401.0,1568199098.0,246.0
1568191899.2278776,20126.0,413.0,1568199098.0,315.0
1568191899.2690494,20167.0,406.0,1568199098.0,304.0
1568191899.3104641,20209.0,404.0,1568199098.0,233.0
1568191899.3519673,20250.0,409.0,1568199098.0,171.0
1568191899.3931267,20291.0,404.0,1568199098.0,129.0
1568191899.4346893,20333.0,416.0,1568199098.0,102.0
1568191899.4778752,20374.0,394.0,1568199098.0,87.0
1568191899.5192735,20415.0,408.0,1568199098.0,81.0
1568191899.5606656,20457.0,413.0,1568199098.0,77.0
1568191899.6020057,20498.0,415.0,1568199098.0,71.0
1568191899.643517,20540.0,561.0,1568199099.0,72.0
1568191899.6864812,20581.0,701.0,1568199099.0,77.0
1568191899.7278008,20624.0,718.0,1568199099.0,74.0
1568191899.7694812,20665.0,750.0,1568199099.0,74.0
1568191899.810625,20706.0,754.0,1568199099.0,76.0
1568191899.852553,20749.0,780.0,1568199099.0,75.0
1568191899.893911,20790.0,774.0,1568199099.0,74.0
1568191899.9352546,20832.0,772.0,1568199099.0,74.0
1568191899.9768345,20873.0,772.0,1568199099.0,72.0
1568191900.0179467,20914.0,757.0,1568199099.0,73.0
1568191900.0595381,20956.0,748.0,1568199099.0,72.0
1568191900.1006715,20997.0,668.0,1568199099.0,74.0
1568191900.142643,21039.0,638.0,1568199099.0,72.0
1568191900.1833613,21080.0,518.0,1568199099.0,74.0
1568191900.2250154,21121.0,483.0,1568199099.0,77.0
1568191900.2663932,21163.0,478.0,1568199099.0,84.0
1568191900.3061814,21204.0,457.0,1568199099.0,102.0
1568191900.3478765,21246.0,437.0,1568199099.0,142.0
1568191900.3887973,21287.0,372.0,1568199099.0,220.0
1568191900.4301589,21328.0,375.0,1568199099.0,305.0
1568191900.4718008,21370.0,384.0,1568199099.0,344.0
1568191900.512983,21411.0,382.0,1568199099.0,271.0
1568191900.5546057,21452.0,382.0,1568199099.0,198.0
1568191900.595441,21494.0,380.0,1568199099.0,147.0
1568191900.6365438,21535.0,387.0,1568199100.0,109.0
1568191900.680162,21576.0,380.0,1568199100.0,92.0
1568191900.7217662,21618.0,367.0,1568199100.0,79.0
1568191900.7631714,21659.0,363.0,1568199100.0,75.0
1568191900.8044362,21701.0,357.0,1568199100.0,73.0
1568191900.846546,21742.0,458.0,1568199100.0,74.0
1568191900.8869278,21784.0,670.0,1568199100.0,78.0
1568191900.9287202,21825.0,721.0,1568199100.0,74.0
1568191900.9702437,21866.0,749.0,1568199100.0,75.0
1568191901.011473,21908.0,783.0,1568199100.0,75.0
1568191901.0533836,21949.0,792.0,1568199100.0,75.0
1568191901.0945127,21991.0,787.0,1568199100.0,71.0
1568191901.1355515,22032.0,785.0,1568199100.0,77.0
1568191901.1773672,22073.0,793.0,1568199100.0,73.0
1568191901.2186434,22115.0,794.0,1568199100.0,74.0
1568191901.2604969,22156.0,798.0,1568199100.0,74.0
1568191901.3013685,22198.0,787.0,1568199100.0,74.0
1568191901.342708,22239.0,762.0,1568199100.0,73.0
1568191901.3842928,22280.0,788.0,1568199100.0,75.0
1568191901.4254975,22322.0,622.0,1568199100.0,74.0
1568191901.467066,22363.0,513.0,1568199100.0,79.0
1568191901.5080247,22404.0,481.0,1568199100.0,87.0
1568191901.5475564,22446.0,456.0,1568199100.0,118.0
1568191901.5897648,22487.0,414.0,1568199100.0,187.0
1568191901.6307566,22528.0,401.0,1568199101.0,292.0
1568191901.6730347,22571.0,398.0,1568199101.0,378.0
1568191901.7143962,22612.0,402.0,1568199101.0,345.0
1568191901.7552693,22653.0,393.0,1568199101.0,274.0
1568191901.7973716,22695.0,389.0,1568199101.0,205.0
1568191901.838382,22736.0,392.0,1568199101.0,146.0
1568191901.8804023,22778.0,402.0,1568199101.0,106.0
1568191901.9226665,22819.0,387.0,1568199101.0,86.0
1568191901.964256,22860.0,382.0,1568199101.0,77.0
1568191902.0060592,22902.0,375.0,1568199101.0,74.0
1568191902.0467503,22943.0,430.0,1568199101.0,71.0
1568191902.0888975,22985.0,691.0,1568199101.0,71.0
1568191902.1300862,23026.0,732.0,1568199101.0,73.0
1568191902.1711626,23067.0,762.0,1568199101.0,74.0
1568191902.2127612,23109.0,763.0,1568199101.0,72.0
1568191902.2543473,23150.0,771.0,1568199101.0,70.0
1568191902.294702,23191.0,773.0,1568199101.0,69.0
1568191902.3359685,23232.0,773.0,1568199101.0,73.0
1568191902.377141,23273.0,760.0,1568199101.0,70.0
1568191902.4186547,23315.0,737.0,1568199101.0,72.0
1568191902.4604208,23356.0,711.0,1568199101.0,72.0
1568191902.5021758,23398.0,654.0,1568199101.0,72.0
1568191902.5427752,23439.0,589.0,1568199101.0,74.0
1568191902.5838234,23480.0,513.0,1568199101.0,73.0
1568191902.6253893,23521.0,485.0,1568199102.0,81.0
1568191902.666735,23563.0,456.0,1568199102.0,84.0
1568191902.706889,23605.0,440.0,1568199102.0,111.0
1568191902.7483327,23646.0,417.0,1568199102.0,153.0
1568191902.7902138,23688.0,360.0,1568199102.0,256.0
1568191902.8311675,23729.0,360.0,1568199102.0,416.0
1568191902.8719227,23770.0,367.0,1568199102.0,430.0
1568191902.9141989,23812.0,354.0,1568199102.0,320.0
1568191902.9552352,23853.0,354.0,1568199102.0,226.0
1568191902.9972007,23895.0,353.0,1568199102.0,146.0
1568191903.0379102,23936.0,363.0,1568199102.0,113.0
1568191903.0810053,23977.0,354.0,1568199102.0,93.0
1568191903.1226451,24019.0,351.0,1568199102.0,79.0
1568191903.164064,24060.0,350.0,1568199102.0,74.0
1568191903.206005,24102.0,361.0,1568199102.0,76.0
1568191903.2465537,24143.0,413.0,1568199102.0,75.0
1568191903.287996,24184.0,585.0,1568199102.0,77.0
1568191903.3298717,24226.0,710.0,1568199102.0,71.0
1568191903.3705723,24267.0,692.0,1568199102.0,72.0
1568191903.412338,24309.0,692.0,1568199102.0,71.0
1568191903.453799,24350.0,685.0,1568199102.0,71.0
1568191903.494846,24391.0,618.0,1568199102.0,73.0
1568191903.5369446,24433.0,532.0,1568199102.0,70.0
1568191903.5775445,24474.0,489.0,1568199102.0,70.0
1568191903.6195712,24516.0,476.0,1568199103.0,73.0
1568191903.6608946,24557.0,478.0,1568199103.0,76.0
1568191903.7025723,24599.0,487.0,1568199103.0,78.0
1568191903.7447171,24641.0,480.0,1568199103.0,77.0
1568191903.7854226,24682.0,426.0,1568199103.0,80.0
1568191903.8273218,24724.0,417.0,1568199103.0,87.0
1568191903.868648,24765.0,402.0,1568199103.0,93.0
1568191903.9075665,24806.0,398.0,1568199103.0,117.0
1568191903.9500608,24848.0,381.0,1568199103.0,148.0
1568191903.990605,24889.0,346.0,1568199103.0,232.0
1568191904.0329587,24930.0,355.0,1568199103.0,333.0
1568191904.0739434,24972.0,387.0,1568199103.0,422.0
1568191904.1146178,25013.0,413.0,1568199103.0,376.0
1568191904.1569686,25055.0,417.0,1568199103.0,262.0
1568191904.1980555,25096.0,440.0,1568199103.0,200.0
1568191904.2399085,25138.0,440.0,1568199103.0,140.0
1568191904.2805018,25179.0,444.0,1568199103.0,113.0
1568191904.3237827,25220.0,424.0,1568199103.0,96.0
1568191904.365821,25262.0,410.0,1568199103.0,82.0
1568191904.4067967,25303.0,376.0,1568199103.0,75.0
1568191904.4489286,25345.0,366.0,1568199103.0,72.0
1568191904.4897232,25386.0,524.0,1568199103.0,77.0
1568191904.5305965,25427.0,752.0,1568199103.0,73.0
1568191904.5719664,25468.0,762.0,1568199103.0,73.0
1568191904.6131058,25509.0,728.0,1568199104.0,72.0
1568191904.6550019,25551.0,741.0,1568199104.0,72.0
1568191904.6971438,25593.0,744.0,1568199104.0,71.0
1568191904.7382116,25634.0,745.0,1568199104.0,73.0
1568191904.7788525,25675.0,739.0,1568199104.0,71.0
1568191904.820063,25716.0,728.0,1568199104.0,69.0
1568191904.8620453,25758.0,718.0,1568199104.0,69.0
1568191904.9027312,25799.0,664.0,1568199104.0,71.0
1568191904.9449646,25841.0,646.0,1568199104.0,72.0
1568191904.985701,25882.0,617.0,1568199104.0,72.0
1568191905.027616,25923.0,606.0,1568199104.0,73.0
1568191905.0695486,25965.0,483.0,1568199104.0,72.0
1568191905.1106496,26006.0,476.0,1568199104.0,80.0
1568191905.150382,26048.0,474.0,1568199104.0,105.0
1568191905.1916778,26090.0,405.0,1568199104.0,160.0
1568191905.2329214,26131.0,441.0,1568199104.0,240.0
1568191905.2746665,26172.0,447.0,1568199104.0,302.0
1568191905.3154275,26214.0,461.0,1568199104.0,269.0
1568191905.3579385,26255.0,493.0,1568199104.0,213.0
1568191905.3986793,26296.0,489.0,1568199104.0,165.0
1568191905.4395368,26338.0,495.0,1568199104.0,125.0
1568191905.4815288,26379.0,489.0,1568199104.0,104.0
1568191905.5240245,26420.0,475.0,1568199104.0,89.0
1568191905.5662339,26462.0,463.0,1568199104.0,80.0
1568191905.6069696,26503.0,468.0,1568199104.0,80.0
1568191905.6490614,26544.0,474.0,1568199105.0,76.0
1568191905.6903825,26587.0,512.0,1568199105.0,74.0
1568191905.7325947,26628.0,725.0,1568199105.0,74.0
1568191905.7746525,26670.0,739.0,1568199105.0,74.0
1568191905.8168323,26712.0,746.0,1568199105.0,73.0
1568191905.8589962,26754.0,746.0,1568199105.0,71.0
1568191905.9009526,26797.0,747.0,1568199105.0,73.0
1568191905.9421055,26838.0,739.0,1568199105.0,73.0
1568191905.983697,26880.0,748.0,1568199105.0,74.0
1568191906.0249572,26921.0,732.0,1568199105.0,72.0
1568191906.0660644,26962.0,736.0,1568199105.0,70.0
1568191906.10668,27003.0,705.0,1568199105.0,72.0
1568191906.1484919,27044.0,656.0,1568199105.0,72.0
1568191906.1903186,27086.0,595.0,1568199105.0,76.0
1568191906.2310338,27127.0,534.0,1568199105.0,73.0
1568191906.2717848,27168.0,489.0,1568199105.0,75.0
1568191906.3132248,27209.0,509.0,1568199105.0,82.0
1568191906.3524914,27250.0,472.0,1568199105.0,106.0
1568191906.394185,27292.0,436.0,1568199105.0,148.0
1568191906.4353232,27333.0,427.0,1568199105.0,214.0
1568191906.4774735,27375.0,414.0,1568199105.0,255.0
1568191906.518394,27416.0,427.0,1568199105.0,230.0
1568191906.5592756,27457.0,430.0,1568199105.0,183.0
1568191906.6011794,27499.0,427.0,1568199105.0,129.0
1568191906.6430292,27540.0,429.0,1568199106.0,108.0
1568191906.68662,27583.0,426.0,1568199106.0,91.0
1568191906.7279575,27624.0,422.0,1568199106.0,82.0
1568191906.7693312,27665.0,423.0,1568199106.0,82.0
1568191906.8107548,27707.0,403.0,1568199106.0,79.0
1568191906.8521967,27748.0,415.0,1568199106.0,73.0
1568191906.894177,27790.0,413.0,1568199106.0,75.0
1568191906.9347053,27831.0,651.0,1568199106.0,74.0
1568191906.9757197,27872.0,733.0,1568199106.0,76.0
1568191907.0180175,27914.0,749.0,1568199106.0,73.0
1568191907.0591571,27955.0,756.0,1568199106.0,74.0
1568191907.1008294,27997.0,759.0,1568199106.0,73.0
1568191907.1418586,28038.0,744.0,1568199106.0,74.0
1568191907.1829686,28079.0,727.0,1568199106.0,70.0
1568191907.2251358,28121.0,727.0,1568199106.0,73.0
1568191907.2662199,28162.0,726.0,1568199106.0,74.0
1568191907.307844,28204.0,710.0,1568199106.0,72.0
1568191907.348996,28245.0,689.0,1568199106.0,72.0
1568191907.3903763,28286.0,654.0,1568199106.0,72.0
1568191907.43211,28328.0,600.0,1568199106.0,73.0
1568191907.472946,28369.0,547.0,1568199106.0,74.0
1568191907.5146122,28411.0,526.0,1568199106.0,77.0
1568191907.555956,28452.0,523.0,1568199106.0,93.0
1568191907.5951781,28493.0,481.0,1568199106.0,116.0
1568191907.6370244,28535.0,461.0,1568199107.0,162.0
1568191907.679122,28577.0,442.0,1568199107.0,219.0
1568191907.721617,28619.0,456.0,1568199107.0,241.0
1568191907.7627053,28660.0,447.0,1568199107.0,232.0
1568191907.803808,28702.0,446.0,1568199107.0,193.0
1568191907.8453581,28743.0,451.0,1568199107.0,142.0
1568191907.886588,28785.0,452.0,1568199107.0,118.0
1568191907.9302366,28826.0,449.0,1568199107.0,98.0
1568191907.9711394,28867.0,451.0,1568199107.0,86.0
1568191908.0123458,28908.0,452.0,1568199107.0,75.0
1568191908.053128,28950.0,438.0,1568199107.0,69.0
1568191908.0946467,28991.0,454.0,1568199107.0,75.0
1568191908.1362374,29032.0,555.0,1568199107.0,74.0
1568191908.1772048,29074.0,712.0,1568199107.0,73.0
1568191908.2184627,29115.0,716.0,1568199107.0,73.0
1568191908.2593067,29156.0,722.0,1568199107.0,70.0
1568191908.300728,29197.0,754.0,1568199107.0,72.0
1568191908.3421493,29238.0,778.0,1568199107.0,73.0
1568191908.3837068,29280.0,784.0,1568199107.0,72.0
1568191908.4252212,29321.0,795.0,1568199107.0,67.0
1568191908.4662237,29363.0,797.0,1568199107.0,71.0
1568191908.507616,29403.0,797.0,1568199107.0,71.0
1568191908.5491166,29445.0,802.0,1568199107.0,70.0
1568191908.5906627,29486.0,810.0,1568199107.0,72.0
1568191908.6327548,29529.0,810.0,1568199108.0,70.0
1568191908.673813,29570.0,733.0,1568199108.0,69.0
1568191908.7155373,29611.0,658.0,1568199108.0,72.0
1568191908.757771,29654.0,561.0,1568199108.0,76.0
1568191908.7986786,29695.0,508.0,1568199108.0,91.0
1568191908.838681,29737.0,469.0,1568199108.0,121.0
1568191908.8796856,29778.0,484.0,1568199108.0,162.0
1568191908.9216266,29819.0,430.0,1568199108.0,210.0
1568191908.963367,29861.0,434.0,1568199108.0,237.0
1568191909.0048034,29902.0,452.0,1568199108.0,202.0
1568191909.0464053,29944.0,440.0,1568199108.0,161.0
1568191909.0874507,29985.0,427.0,1568199108.0,124.0
1568191909.1288939,30026.0,415.0,1568199108.0,100.0
1568191909.1725335,30068.0,433.0,1568199108.0,87.0
1568191909.2136855,30110.0,433.0,1568199108.0,80.0
1568191909.254989,30151.0,412.0,1568199108.0,72.0
1568191909.2963936,30192.0,415.0,1568199108.0,70.0
1568191909.3375757,30234.0,473.0,1568199108.0,71.0
1568191909.3789153,30275.0,644.0,1568199108.0,69.0
1568191909.4205003,30316.0,694.0,1568199108.0,73.0
1568191909.4620774,30358.0,762.0,1568199108.0,72.0
1568191909.5029755,30399.0,776.0,1568199108.0,74.0
1568191909.5447025,30440.0,781.0,1568199108.0,68.0
1568191909.5864065,30482.0,775.0,1568199108.0,68.0
1568191909.6271598,30523.0,774.0,1568199109.0,68.0
1568191909.6694288,30565.0,778.0,1568199109.0,69.0
1568191909.710666,30607.0,775.0,1568199109.0,70.0
1568191909.7523165,30648.0,769.0,1568199109.0,67.0
1568191909.7933996,30690.0,750.0,1568199109.0,70.0
1568191909.8354304,30731.0,727.0,1568199109.0,68.0
1568191909.8774307,30773.0,685.0,1568199109.0,68.0
1568191909.9185717,30814.0,588.0,1568199109.0,70.0
1568191909.9605281,30856.0,511.0,1568199109.0,72.0
1568191910.0009198,30897.0,485.0,1568199109.0,86.0
1568191910.0408885,30939.0,463.0,1568199109.0,127.0
1568191910.0826833,30980.0,425.0,1568199109.0,193.0
1568191910.1234055,31021.0,430.0,1568199109.0,260.0
1568191910.165897,31063.0,433.0,1568199109.0,282.0
1568191910.2066793,31104.0,426.0,1568199109.0,238.0
1568191910.2477255,31146.0,417.0,1568199109.0,187.0
1568191910.2896144,31187.0,433.0,1568199109.0,142.0
1568191910.3306,31228.0,437.0,1568199109.0,115.0
1568191910.3744466,31270.0,447.0,1568199109.0,99.0
1568191910.415277,31311.0,435.0,1568199109.0,83.0
1568191910.4561548,31352.0,413.0,1568199109.0,76.0
1568191910.4981112,31394.0,437.0,1568199109.0,76.0
1568191910.5391252,31435.0,590.0,1568199109.0,76.0
1568191910.5812204,31477.0,691.0,1568199109.0,79.0
1568191910.6222851,31518.0,705.0,1568199110.0,76.0
1568191910.6638827,31559.0,727.0,1568199110.0,77.0
1568191910.7054455,31602.0,748.0,1568199110.0,81.0
1568191910.7472656,31643.0,746.0,1568199110.0,79.0
1568191910.789257,31685.0,742.0,1568199110.0,74.0
1568191910.8303387,31727.0,739.0,1568199110.0,76.0
1568191910.8717086,31768.0,734.0,1568199110.0,78.0
1568191910.9139812,31810.0,710.0,1568199110.0,77.0
1568191910.954679,31851.0,641.0,1568199110.0,74.0
1568191910.9967341,31893.0,574.0,1568199110.0,77.0
1568191911.0377414,31934.0,496.0,1568199110.0,76.0
1568191911.0788937,31975.0,478.0,1568199110.0,79.0
1568191911.1209338,32017.0,470.0,1568199110.0,89.0
1568191911.160668,32058.0,459.0,1568199110.0,115.0
1568191911.2021887,32100.0,417.0,1568199110.0,178.0
1568191911.2434366,32141.0,396.0,1568199110.0,290.0
1568191911.2847083,32182.0,413.0,1568199110.0,379.0
1568191911.3266811,32224.0,404.0,1568199110.0,351.0
1568191911.3671892,32265.0,428.0,1568199110.0,266.0
1568191911.409506,32307.0,423.0,1568199110.0,213.0
1568191911.4505818,32348.0,417.0,1568199110.0,158.0
1568191911.4912896,32389.0,423.0,1568199110.0,122.0
1568191911.5341563,32430.0,412.0,1568199110.0,98.0
1568191911.5751479,32471.0,411.0,1568199110.0,82.0
1568191911.6170928,32513.0,389.0,1568199111.0,76.0
1568191911.658674,32554.0,397.0,1568199111.0,74.0
1568191911.7009485,32597.0,393.0,1568199111.0,75.0
1568191911.7416258,32638.0,555.0,1568199111.0,75.0
1568191911.783054,32679.0,660.0,1568199111.0,75.0
1568191911.8251789,32721.0,682.0,1568199111.0,76.0
1568191911.8665767,32762.0,708.0,1568199111.0,74.0
1568191911.9083467,32804.0,720.0,1568199111.0,73.0
1568191911.948996,32845.0,722.0,1568199111.0,74.0
1568191911.990798,32886.0,717.0,1568199111.0,75.0
1568191912.032995,32929.0,704.0,1568199111.0,74.0
1568191912.0740697,32970.0,693.0,1568199111.0,75.0
1568191912.1153007,33012.0,646.0,1568199111.0,69.0
1568191912.157152,33053.0,622.0,1568199111.0,73.0
1568191912.1983519,33094.0,580.0,1568199111.0,75.0
1568191912.2399433,33136.0,535.0,1568199111.0,74.0
1568191912.2808194,33177.0,476.0,1568199111.0,79.0
1568191912.3226259,33219.0,466.0,1568199111.0,87.0
1568191912.3624203,33260.0,460.0,1568199111.0,102.0
1568191912.4035783,33301.0,426.0,1568199111.0,143.0
1568191912.445215,33343.0,394.0,1568199111.0,234.0
1568191912.4867072,33384.0,429.0,1568199111.0,346.0
1568191912.5287018,33426.0,426.0,1568199111.0,342.0
1568191912.5697713,33467.0,430.0,1568199111.0,281.0
1568191912.610254,33508.0,430.0,1568199111.0,211.0
1568191912.6526108,33550.0,430.0,1568199112.0,156.0
1568191912.694591,33592.0,435.0,1568199112.0,126.0
1568191912.7364779,33634.0,430.0,1568199112.0,106.0
1568191912.7787259,33675.0,428.0,1568199112.0,87.0
1568191912.8204148,33716.0,432.0,1568199112.0,77.0
1568191912.8618174,33758.0,434.0,1568199112.0,71.0
1568191912.9031754,33799.0,441.0,1568199112.0,79.0
1568191912.9452186,33841.0,501.0,1568199112.0,75.0
1568191912.9862628,33882.0,619.0,1568199112.0,77.0
1568191913.026973,33923.0,620.0,1568199112.0,74.0
1568191913.0691593,33965.0,625.0,1568199112.0,73.0
1568191913.1104827,34006.0,582.0,1568199112.0,71.0
1568191913.1522362,34048.0,545.0,1568199112.0,76.0
1568191913.1929688,34089.0,492.0,1568199112.0,72.0
1568191913.2345254,34131.0,470.0,1568199112.0,74.0
1568191913.2753453,34172.0,458.0,1568199112.0,72.0
1568191913.3169572,34213.0,450.0,1568199112.0,76.0
1568191913.3583333,34255.0,446.0,1568199112.0,75.0
1568191913.399645,34296.0,434.0,1568199112.0,74.0
1568191913.4416056,34338.0,428.0,1568199112.0,74.0
1568191913.4826531,34379.0,423.0,1568199112.0,78.0
1568191913.5238502,34420.0,414.0,1568199112.0,79.0
1568191913.565789,34462.0,414.0,1568199112.0,89.0
1568191913.6055276,34503.0,406.0,1568199112.0,113.0
1568191913.6471436,34545.0,386.0,1568199113.0,153.0
1568191913.6890082,34587.0,396.0,1568199113.0,249.0
1568191913.7304564,34628.0,401.0,1568199113.0,367.0
1568191913.7723572,34670.0,408.0,1568199113.0,428.0
1568191913.8134532,34711.0,398.0,1568199113.0,361.0
1568191913.8550334,34753.0,374.0,1568199113.0,271.0
1568191913.8960075,34794.0,387.0,1568199113.0,205.0
1568191913.9374518,34835.0,376.0,1568199113.0,149.0
1568191913.9788883,34877.0,387.0,1568199113.0,113.0
1568191914.0221984,34918.0,386.0,1568199113.0,90.0
1568191914.0638134,34960.0,388.0,1568199113.0,74.0
1568191914.1046312,35001.0,402.0,1568199113.0,70.0
1568191914.1461363,35042.0,421.0,1568199113.0,70.0
1568191914.1876545,35084.0,424.0,1568199113.0,70.0
1568191914.2291164,35125.0,570.0,1568199113.0,71.0
1568191914.270604,35167.0,586.0,1568199113.0,71.0
1568191914.3116074,35208.0,564.0,1568199113.0,69.0
1568191914.35318,35249.0,557.0,1568199113.0,68.0
1568191914.3946126,35291.0,531.0,1568199113.0,66.0
1568191914.435952,35332.0,497.0,1568199113.0,69.0
1568191914.4782774,35374.0,480.0,1568199113.0,67.0
1568191914.5188043,35415.0,446.0,1568199113.0,69.0
1568191914.560668,35456.0,440.0,1568199113.0,68.0
1568191914.6018302,35498.0,433.0,1568199113.0,73.0
1568191914.643618,35539.0,402.0,1568199114.0,77.0
1568191914.6855857,35581.0,397.0,1568199114.0,74.0
1568191914.7270143,35623.0,382.0,1568199114.0,81.0
1568191914.768385,35664.0,381.0,1568199114.0,86.0
1568191914.8098438,35706.0,386.0,1568199114.0,95.0
1568191914.8498266,35747.0,361.0,1568199114.0,105.0
1568191914.8912807,35789.0,361.0,1568199114.0,122.0
1568191914.9324288,35830.0,348.0,1568199114.0,158.0
1568191914.9738805,35871.0,306.0,1568199114.0,239.0
1568191915.0145988,35912.0,274.0,1568199114.0,353.0
1568191915.056046,35953.0,343.0,1568199114.0,507.0
1568191915.0981195,35996.0,337.0,1568199114.0,486.0
1568191915.1390746,36037.0,318.0,1568199114.0,351.0
1568191915.1813524,36079.0,317.0,1568199114.0,259.0
1568191915.2223327,36120.0,319.0,1568199114.0,192.0
1568191915.2631924,36161.0,320.0,1568199114.0,142.0
1568191915.3047588,36203.0,329.0,1568199114.0,110.0
1568191915.3479,36244.0,353.0,1568199114.0,88.0
1568191915.3900926,36286.0,339.0,1568199114.0,79.0
1568191915.430657,36327.0,326.0,1568199114.0,77.0
1568191915.47254,36368.0,378.0,1568199114.0,78.0
1568191915.513987,36410.0,442.0,1568199114.0,77.0
1568191915.5555153,36451.0,439.0,1568199114.0,77.0
1568191915.5975163,36493.0,437.0,1568199114.0,77.0
1568191915.6385632,36534.0,413.0,1568199115.0,75.0
1568191915.6795518,36575.0,392.0,1568199115.0,73.0
1568191915.7218611,36618.0,384.0,1568199115.0,71.0
1568191915.763252,36659.0,377.0,1568199115.0,72.0
1568191915.8049734,36701.0,374.0,1568199115.0,71.0
1568191915.8460119,36742.0,356.0,1568199115.0,76.0
1568191915.887066,36783.0,360.0,1568199115.0,78.0
1568191915.9292297,36825.0,357.0,1568199115.0,78.0
1568191915.9703405,36866.0,351.0,1568199115.0,82.0
1568191916.0119843,36908.0,366.0,1568199115.0,83.0
1568191916.052699,36949.0,355.0,1568199115.0,89.0
1568191916.0946095,36990.0,350.0,1568199115.0,95.0
1568191916.1344533,37032.0,340.0,1568199115.0,108.0
1568191916.1751783,37073.0,330.0,1568199115.0,128.0
1568191916.2169337,37115.0,321.0,1568199115.0,172.0
1568191916.258455,37156.0,340.0,1568199115.0,233.0
1568191916.2991357,37197.0,349.0,1568199115.0,268.0
1568191916.3412528,37239.0,368.0,1568199115.0,235.0
1568191916.3821163,37280.0,374.0,1568199115.0,194.0
1568191916.424104,37322.0,380.0,1568199115.0,136.0
1568191916.4652975,37363.0,377.0,1568199115.0,100.0
1568191916.508315,37404.0,376.0,1568199115.0,79.0
1568191916.5501122,37446.0,378.0,1568199115.0,80.0
1568191916.5912054,37487.0,404.0,1568199115.0,74.0
1568191916.6334102,37529.0,370.0,1568199116.0,76.0
1568191916.6744332,37570.0,378.0,1568199116.0,76.0
1568191916.716109,37612.0,364.0,1568199116.0,76.0
1568191916.7567363,37653.0,361.0,1568199116.0,76.0
1568191916.7986813,37694.0,351.0,1568199116.0,79.0
1568191916.8403785,37736.0,346.0,1568199116.0,78.0
1568191916.8815882,37777.0,349.0,1568199116.0,78.0
1568191916.9228523,37819.0,339.0,1568199116.0,84.0
1568191916.9645026,37860.0,339.0,1568199116.0,87.0
1568191917.0059168,37901.0,353.0,1568199116.0,92.0
1568191917.0472586,37943.0,333.0,1568199116.0,95.0
1568191917.088398,37984.0,345.0,1568199116.0,98.0
1568191917.1287549,38026.0,334.0,1568199116.0,103.0
1568191917.1699636,38068.0,340.0,1568199116.0,118.0
1568191917.2106862,38109.0,355.0,1568199116.0,134.0
1568191917.2524223,38150.0,305.0,1568199116.0,181.0
1568191917.2940903,38191.0,301.0,1568199116.0,245.0
1568191917.335619,38233.0,330.0,1568199116.0,321.0
1568191917.3768542,38274.0,330.0,1568199116.0,346.0
1568191917.4180274,38315.0,327.0,1568199116.0,316.0
1568191917.4598145,38358.0,337.0,1568199116.0,233.0
1568191917.5013475,38399.0,337.0,1568199116.0,166.0
1568191917.5428312,38441.0,341.0,1568199116.0,117.0
1568191917.586085,38482.0,348.0,1568199116.0,94.0
1568191917.626687,38523.0,350.0,1568199117.0,78.0
1568191917.6684792,38565.0,337.0,1568199117.0,71.0
1568191917.7106779,38606.0,376.0,1568199117.0,74.0
1568191917.7526896,38649.0,544.0,1568199117.0,73.0
1568191917.7938864,38690.0,673.0,1568199117.0,75.0
1568191917.8344579,38731.0,708.0,1568199117.0,71.0
1568191917.8766005,38773.0,687.0,1568199117.0,71.0
1568191917.9180315,38814.0,694.0,1568199117.0,69.0
1568191917.959413,38855.0,686.0,1568199117.0,70.0
1568191918.0000408,38897.0,660.0,1568199117.0,70.0
1568191918.0418818,38938.0,624.0,1568199117.0,71.0
1568191918.0838597,38980.0,555.0,1568199117.0,73.0
1568191918.1254826,39021.0,454.0,1568199117.0,72.0
1568191918.1669846,39063.0,444.0,1568199117.0,69.0
1568191918.2080088,39104.0,442.0,1568199117.0,72.0
1568191918.24986,39145.0,460.0,1568199117.0,76.0
1568191918.29073,39187.0,433.0,1568199117.0,75.0
1568191918.3326356,39228.0,435.0,1568199117.0,80.0
1568191918.3739166,39270.0,426.0,1568199117.0,83.0
1568191918.4146478,39311.0,423.0,1568199117.0,94.0
1568191918.4546728,39352.0,416.0,1568199117.0,106.0
1568191918.4952574,39393.0,402.0,1568199117.0,132.0
1568191918.537152,39434.0,352.0,1568199117.0,180.0
1568191918.5786796,39476.0,303.0,1568199117.0,277.0
1568191918.6199448,39518.0,321.0,1568199118.0,395.0
1568191918.6609585,39559.0,333.0,1568199118.0,404.0
1568191918.7025206,39600.0,401.0,1568199118.0,357.0
1568191918.7441566,39642.0,394.0,1568199118.0,258.0
1568191918.7862246,39684.0,412.0,1568199118.0,171.0
1568191918.8269675,39725.0,468.0,1568199118.0,127.0
1568191918.8686824,39767.0,375.0,1568199118.0,101.0
1568191918.911316,39808.0,349.0,1568199118.0,77.0
1568191918.9529054,39849.0,399.0,1568199118.0,77.0
1568191918.9946504,39891.0,405.0,1568199118.0,77.0
1568191919.0359795,39932.0,389.0,1568199118.0,76.0
1568191919.0773828,39974.0,381.0,1568199118.0,76.0
1568191919.1186297,40015.0,377.0,1568199118.0,77.0
1568191919.159776,40056.0,368.0,1568199118.0,76.0
1568191919.20183,40098.0,362.0,1568199118.0,75.0
1568191919.2427263,40139.0,364.0,1568199118.0,80.0
1568191919.2845972,40181.0,366.0,1568199118.0,79.0
1568191919.3257718,40222.0,354.0,1568199118.0,87.0
1568191919.3667355,40263.0,379.0,1568199118.0,86.0
1568191919.4084458,40305.0,339.0,1568199118.0,88.0
1568191919.4500148,40346.0,340.0,1568199118.0,90.0
1568191919.4914982,40388.0,338.0,1568199118.0,95.0
1568191919.5307708,40429.0,370.0,1568199118.0,100.0
1568191919.5721655,40470.0,361.0,1568199118.0,107.0
1568191919.614541,40512.0,350.0,1568199119.0,114.0
1568191919.655972,40553.0,344.0,1568199119.0,136.0
1568191919.6981838,40595.0,283.0,1568199119.0,178.0
1568191919.7391882,40637.0,248.0,1568199119.0,249.0
1568191919.7808464,40678.0,284.0,1568199119.0,341.0
1568191919.82269,40720.0,293.0,1568199119.0,412.0
1568191919.863921,40762.0,297.0,1568199119.0,361.0
1568191919.9058077,40803.0,331.0,1568199119.0,263.0
1568191919.9464872,40845.0,334.0,1568199119.0,187.0
1568191919.9879618,40886.0,336.0,1568199119.0,135.0
1568191920.030065,40927.0,349.0,1568199119.0,104.0
1568191920.072607,40969.0,358.0,1568199119.0,90.0
1568191920.1135383,41010.0,354.0,1568199119.0,78.0
1568191920.1545484,41051.0,353.0,1568199119.0,75.0
1568191920.1959112,41092.0,391.0,1568199119.0,74.0
1568191920.2379584,41134.0,430.0,1568199119.0,78.0
1568191920.2786007,41175.0,506.0,1568199119.0,77.0
1568191920.320333,41216.0,501.0,1568199119.0,77.0
1568191920.3619587,41258.0,499.0,1568199119.0,73.0
1568191920.4025683,41299.0,494.0,1568199119.0,76.0
1568191920.443486,41340.0,475.0,1568199119.0,75.0
1568191920.484995,41381.0,461.0,1568199119.0,74.0
1568191920.5268269,41423.0,436.0,1568199119.0,75.0
1568191920.5677664,41464.0,422.0,1568199119.0,75.0
1568191920.609533,41506.0,402.0,1568199119.0,73.0
1568191920.6505635,41547.0,397.0,1568199120.0,72.0
1568191920.692378,41588.0,392.0,1568199120.0,74.0
1568191920.734589,41630.0,387.0,1568199120.0,76.0
1568191920.7759192,41672.0,382.0,1568199120.0,81.0
1568191920.8178074,41713.0,381.0,1568199120.0,82.0
1568191920.8584602,41755.0,369.0,1568199120.0,86.0
1568191920.8998768,41796.0,374.0,1568199120.0,90.0
1568191920.9418306,41838.0,378.0,1568199120.0,95.0
1568191920.9809506,41879.0,357.0,1568199120.0,114.0
1568191921.0231209,41921.0,344.0,1568199120.0,139.0
1568191921.0643084,41962.0,319.0,1568199120.0,189.0
1568191921.1057281,42003.0,339.0,1568199120.0,265.0
1568191921.1473668,42045.0,341.0,1568199120.0,284.0
1568191921.1886313,42086.0,365.0,1568199120.0,237.0
1568191921.2306745,42128.0,344.0,1568199120.0,182.0
1568191921.2718642,42170.0,349.0,1568199120.0,138.0
1568191921.3130138,42211.0,354.0,1568199120.0,107.0
1568191921.356545,42252.0,354.0,1568199120.0,88.0
1568191921.397992,42294.0,346.0,1568199120.0,80.0
1568191921.44003,42336.0,366.0,1568199120.0,80.0
1568191921.4808228,42377.0,362.0,1568199120.0,80.0
1568191921.522656,42418.0,357.0,1568199120.0,80.0
1568191921.5639646,42460.0,363.0,1568199120.0,77.0
1568191921.6059442,42502.0,356.0,1568199120.0,78.0
1568191921.647326,42543.0,360.0,1568199121.0,74.0
1568191921.6887243,42585.0,355.0,1568199121.0,76.0
1568191921.7305338,42626.0,361.0,1568199121.0,73.0
1568191921.7720437,42668.0,360.0,1568199121.0,78.0
1568191921.81359,42709.0,357.0,1568199121.0,78.0
1568191921.8550951,42751.0,341.0,1568199121.0,84.0
1568191921.8964837,42792.0,340.0,1568199121.0,84.0
1568191921.937095,42833.0,340.0,1568199121.0,82.0
1568191921.9786663,42875.0,338.0,1568199121.0,86.0
1568191922.0195072,42915.0,352.0,1568199121.0,89.0
1568191922.06146,42957.0,354.0,1568199121.0,96.0
1568191922.1008773,42998.0,360.0,1568199121.0,106.0
1568191922.1420324,43040.0,348.0,1568199121.0,121.0
1568191922.1826725,43081.0,307.0,1568199121.0,151.0
1568191922.223601,43122.0,262.0,1568199121.0,220.0
1568191922.2660124,43163.0,273.0,1568199121.0,313.0
1568191922.3066785,43205.0,312.0,1568199121.0,385.0
1568191922.3489337,43246.0,330.0,1568199121.0,383.0
1568191922.3896353,43288.0,312.0,1568199121.0,293.0
1568191922.4305975,43329.0,334.0,1568199121.0,209.0
1568191922.4727714,43370.0,325.0,1568199121.0,141.0
1568191922.514229,43411.0,329.0,1568199121.0,103.0
1568191922.557838,43454.0,321.0,1568199121.0,75.0
1568191922.598546,43495.0,330.0,1568199121.0,74.0
1568191922.6398287,43536.0,380.0,1568199122.0,77.0
1568191922.682174,43578.0,390.0,1568199122.0,74.0
1568191922.723681,43619.0,396.0,1568199122.0,74.0
1568191922.7657049,43661.0,387.0,1568199122.0,72.0
1568191922.8062599,43703.0,368.0,1568199122.0,74.0
1568191922.847981,43744.0,360.0,1568199122.0,73.0
1568191922.889509,43785.0,355.0,1568199122.0,75.0
1568191922.9306319,43827.0,353.0,1568199122.0,70.0
1568191922.971243,43868.0,346.0,1568199122.0,77.0
1568191923.0128043,43909.0,350.0,1568199122.0,77.0
1568191923.0539458,43950.0,339.0,1568199122.0,80.0
1568191923.0945573,43991.0,334.0,1568199122.0,81.0
1568191923.135561,44032.0,338.0,1568199122.0,82.0
1568191923.1778464,44074.0,336.0,1568199122.0,89.0
1568191923.218654,44115.0,348.0,1568199122.0,95.0
1568191923.2578645,44156.0,344.0,1568199122.0,103.0
1568191923.300005,44198.0,338.0,1568199122.0,119.0
1568191923.3413215,44239.0,308.0,1568199122.0,155.0
1568191923.3827157,44281.0,255.0,1568199122.0,228.0
1568191923.4237156,44322.0,284.0,1568199122.0,379.0
1568191923.4652503,44363.0,294.0,1568199122.0,8191.0
1568191923.5088007,44405.0,292.0,1568199122.0,-1.0
1568191923.5485282,44446.0,293.0,1568199122.0,398.0
1568191923.5905182,44488.0,294.0,1568199122.0,268.0
1568191923.6312213,44529.0,300.0,1568199123.0,179.0
1568191923.673138,44570.0,298.0,1568199123.0,123.0
1568191923.716995,44612.0,292.0,1568199123.0,90.0
1568191923.75806,44654.0,297.0,1568199123.0,78.0
1568191923.799502,44696.0,308.0,1568199123.0,76.0
1568191923.840727,44737.0,348.0,1568199123.0,73.0
1568191923.8826656,44778.0,376.0,1568199123.0,79.0
1568191923.9242342,44820.0,392.0,1568199123.0,77.0
1568191923.9658751,44861.0,373.0,1568199123.0,75.0
1568191924.007381,44903.0,360.0,1568199123.0,76.0
1568191924.0483844,44945.0,353.0,1568199123.0,75.0
1568191924.089778,44986.0,344.0,1568199123.0,76.0
1568191924.1306536,45027.0,333.0,1568199123.0,75.0
1568191924.1724813,45068.0,326.0,1568199123.0,78.0
1568191924.2139776,45110.0,322.0,1568199123.0,81.0
1568191924.255561,45151.0,319.0,1568199123.0,84.0
1568191924.2971845,45193.0,315.0,1568199123.0,87.0
1568191924.33861,45234.0,309.0,1568199123.0,91.0
1568191924.3792331,45275.0,306.0,1568199123.0,92.0
1568191924.4214258,45317.0,308.0,1568199123.0,99.0
1568191924.4609756,45358.0,315.0,1568199123.0,106.0
1568191924.5025363,45400.0,324.0,1568199123.0,122.0
1568191924.543579,45442.0,303.0,1568199123.0,164.0
1568191924.585524,45483.0,243.0,1568199123.0,258.0
1568191924.6270921,45525.0,234.0,1568199124.0,422.0
1568191924.67065,45566.0,290.0,1568199124.0,-1.0
1568191924.7106895,45608.0,285.0,1568199124.0,453.0
1568191924.7521825,45650.0,300.0,1568199124.0,354.0
1568191924.793406,45691.0,315.0,1568199124.0,241.0
1568191924.8348446,45733.0,310.0,1568199124.0,175.0
1568191924.876081,45774.0,316.0,1568199124.0,128.0
1568191924.9194248,45816.0,320.0,1568199124.0,97.0
1568191924.9609299,45857.0,325.0,1568199124.0,79.0
1568191925.002073,45898.0,316.0,1568199124.0,73.0
1568191925.043564,45940.0,326.0,1568199124.0,77.0
1568191925.0849037,45981.0,365.0,1568199124.0,76.0
1568191925.1264682,46023.0,426.0,1568199124.0,76.0
1568191925.167884,46064.0,433.0,1568199124.0,74.0
1568191925.209142,46105.0,450.0,1568199124.0,70.0
1568191925.2505517,46147.0,456.0,1568199124.0,73.0
1568191925.2919514,46188.0,441.0,1568199124.0,72.0
1568191925.3340685,46230.0,416.0,1568199124.0,68.0
1568191925.3746555,46271.0,412.0,1568199124.0,70.0
1568191925.4159994,46312.0,396.0,1568199124.0,74.0
1568191925.4575546,46354.0,390.0,1568199124.0,75.0
1568191925.4986494,46395.0,375.0,1568199124.0,77.0
1568191925.540407,46437.0,353.0,1568199124.0,79.0
1568191925.5818598,46478.0,348.0,1568199124.0,84.0
1568191925.622934,46519.0,348.0,1568199125.0,92.0
1568191925.6653993,46561.0,348.0,1568199125.0,97.0
1568191925.7056432,46603.0,331.0,1568199125.0,111.0
1568191925.7471697,46645.0,320.0,1568199125.0,131.0
1568191925.7881374,46686.0,304.0,1568199125.0,173.0
1568191925.8300538,46728.0,228.0,1568199125.0,264.0
1568191925.8708773,46769.0,316.0,1568199125.0,356.0
1568191925.9119473,46810.0,281.0,1568199125.0,439.0
1568191925.9539213,46852.0,303.0,1568199125.0,383.0
1568191925.9950306,46893.0,300.0,1568199125.0,282.0
1568191926.037034,46934.0,297.0,1568199125.0,183.0
1568191926.0780394,46976.0,300.0,1568199125.0,129.0
1568191926.1188047,47017.0,297.0,1568199125.0,101.0
1568191926.1623328,47059.0,306.0,1568199125.0,79.0
1568191926.204127,47100.0,312.0,1568199125.0,77.0
1568191926.2457063,47142.0,374.0,1568199125.0,77.0
1568191926.286576,47183.0,367.0,1568199125.0,75.0
1568191926.3276277,47224.0,416.0,1568199125.0,70.0
1568191926.369601,47265.0,411.0,1568199125.0,70.0
1568191926.4105725,47307.0,404.0,1568199125.0,73.0
1568191926.4526818,47348.0,388.0,1568199125.0,72.0
1568191926.493553,47390.0,386.0,1568199125.0,69.0
1568191926.5348566,47431.0,374.0,1568199125.0,73.0
1568191926.577054,47473.0,368.0,1568199125.0,75.0
1568191926.6183634,47514.0,352.0,1568199126.0,76.0
1568191926.6600885,47556.0,341.0,1568199126.0,78.0
1568191926.7008011,47597.0,334.0,1568199126.0,81.0
1568191926.743078,47639.0,329.0,1568199126.0,83.0
1568191926.7851298,47681.0,325.0,1568199126.0,86.0
1568191926.8262236,47722.0,325.0,1568199126.0,90.0
1568191926.8659363,47764.0,327.0,1568199126.0,100.0
1568191926.906938,47805.0,330.0,1568199126.0,112.0
1568191926.9482968,47846.0,317.0,1568199126.0,138.0
1568191926.9902031,47888.0,284.0,1568199126.0,192.0
1568191927.0309267,47929.0,217.0,1568199126.0,319.0
1568191927.0732586,47971.0,233.0,1568199126.0,522.0
1568191927.1141942,48012.0,291.0,1568199126.0,602.0
1568191927.1550741,48053.0,291.0,1568199126.0,484.0
1568191927.1969423,48095.0,290.0,1568199126.0,362.0
1568191927.2385988,48136.0,337.0,1568199126.0,236.0
1568191927.280809,48178.0,302.0,1568199126.0,165.0
1568191927.321899,48219.0,300.0,1568199126.0,115.0
1568191927.3645875,48261.0,297.0,1568199126.0,91.0
1568191927.4053369,48302.0,296.0,1568199126.0,77.0
1568191927.4465747,48343.0,327.0,1568199126.0,75.0
1568191927.4885592,48384.0,346.0,1568199126.0,79.0
1568191927.5297308,48426.0,353.0,1568199126.0,78.0
1568191927.5704267,48467.0,338.0,1568199126.0,75.0
1568191927.6124868,48508.0,334.0,1568199126.0,76.0
1568191927.653643,48549.0,327.0,1568199127.0,75.0
1568191927.6954925,48591.0,322.0,1568199127.0,77.0
1568191927.7377863,48633.0,322.0,1568199127.0,77.0
1568191927.7787726,48675.0,325.0,1568199127.0,78.0
1568191927.8200743,48716.0,320.0,1568199127.0,79.0
1568191927.8616545,48757.0,313.0,1568199127.0,83.0
1568191927.9031239,48799.0,307.0,1568199127.0,88.0
1568191927.9442635,48840.0,315.0,1568199127.0,88.0
1568191927.986377,48882.0,310.0,1568199127.0,91.0
1568191928.027063,48923.0,303.0,1568199127.0,95.0
1568191928.0663378,48964.0,317.0,1568199127.0,103.0
1568191928.1082423,49006.0,307.0,1568199127.0,127.0
1568191928.1499517,49047.0,290.0,1568199127.0,161.0
1568191928.1914334,49089.0,244.0,1568199127.0,234.0
1568191928.2327282,49130.0,243.0,1568199127.0,389.0
1568191928.2733953,49171.0,288.0,1568199127.0,489.0
1568191928.3154402,49213.0,303.0,1568199127.0,469.0
1568191928.3567321,49254.0,291.0,1568199127.0,345.0
1568191928.398676,49296.0,296.0,1568199127.0,249.0
1568191928.4393249,49337.0,301.0,1568199127.0,166.0
1568191928.4807653,49378.0,306.0,1568199127.0,126.0
1568191928.5242863,49420.0,298.0,1568199127.0,91.0
1568191928.5658753,49461.0,298.0,1568199127.0,77.0
1568191928.6073623,49503.0,306.0,1568199127.0,74.0
1568191928.6481874,49545.0,368.0,1568199128.0,72.0
1568191928.6905782,49586.0,362.0,1568199128.0,74.0
1568191928.732424,49628.0,390.0,1568199128.0,72.0
1568191928.77362,49669.0,401.0,1568199128.0,73.0
1568191928.8151722,49711.0,392.0,1568199128.0,71.0
1568191928.8564334,49752.0,390.0,1568199128.0,71.0
1568191928.897968,49793.0,381.0,1568199128.0,71.0
1568191928.9390447,49835.0,374.0,1568199128.0,75.0
1568191928.9806254,49876.0,363.0,1568199128.0,75.0
1568191929.021846,49918.0,367.0,1568199128.0,80.0
1568191929.0633705,49959.0,356.0,1568199128.0,83.0
1568191929.1046844,50000.0,350.0,1568199128.0,82.0
1568191929.1463983,50042.0,345.0,1568199128.0,86.0
1568191929.1877487,50083.0,346.0,1568199128.0,90.0
1568191929.2299364,50125.0,326.0,1568199128.0,99.0
1568191929.269075,50167.0,331.0,1568199128.0,106.0
1568191929.3099833,50208.0,336.0,1568199128.0,119.0
1568191929.3507934,50249.0,297.0,1568199128.0,152.0
1568191929.3920825,50290.0,265.0,1568199128.0,218.0
1568191929.4342964,50332.0,291.0,1568199128.0,285.0
1568191929.4749532,50373.0,317.0,1568199128.0,283.0
1568191929.5166242,50414.0,316.0,1568199128.0,185.0
1568191929.5581152,50456.0,309.0,1568199128.0,115.0
1568191929.6013658,50497.0,313.0,1568199128.0,79.0
1568191929.64267,50539.0,345.0,1568199129.0,79.0
1568191929.6847985,50580.0,392.0,1568199129.0,79.0
1568191929.726263,50622.0,352.0,1568199129.0,75.0
1568191929.7674904,50664.0,340.0,1568199129.0,79.0
1568191929.809089,50705.0,345.0,1568199129.0,79.0
1568191929.8505774,50747.0,343.0,1568199129.0,84.0
1568191929.8915553,50788.0,341.0,1568199129.0,88.0
1568191929.933834,50830.0,333.0,1568199129.0,94.0
1568191929.9731822,50871.0,327.0,1568199129.0,103.0
1568191930.014192,50912.0,319.0,1568199129.0,105.0
1568191930.0556881,50954.0,318.0,1568199129.0,113.0
1568191930.0973067,50995.0,327.0,1568199129.0,121.0
1568191930.1388173,51037.0,316.0,1568199129.0,145.0
1568191930.1800766,51078.0,273.0,1568199129.0,191.0
1568191930.2210243,51119.0,232.0,1568199129.0,283.0
1568191930.2632284,51161.0,267.0,1568199129.0,372.0
1568191930.3050644,51202.0,289.0,1568199129.0,415.0
1568191930.3466403,51244.0,301.0,1568199129.0,369.0
1568191930.3878124,51286.0,294.0,1568199129.0,246.0
1568191930.4292438,51327.0,293.0,1568199129.0,173.0
1568191930.4707222,51369.0,297.0,1568199129.0,118.0
1568191930.5140438,51410.0,298.0,1568199129.0,90.0
1568191930.555567,51451.0,297.0,1568199129.0,75.0
1568191930.5965345,51493.0,337.0,1568199129.0,75.0
1568191930.638315,51534.0,516.0,1568199130.0,75.0
1568191930.6801732,51576.0,532.0,1568199130.0,77.0
1568191930.7224107,51618.0,580.0,1568199130.0,76.0
1568191930.7640064,51660.0,586.0,1568199130.0,73.0
1568191930.8045752,51701.0,565.0,1568199130.0,71.0
1568191930.8460772,51742.0,558.0,1568199130.0,72.0
1568191930.8866477,51783.0,528.0,1568199130.0,69.0
1568191930.9280765,51824.0,440.0,1568199130.0,71.0
1568191930.9694552,51866.0,413.0,1568199130.0,70.0
1568191931.0106256,51907.0,401.0,1568199130.0,73.0
1568191931.0523758,51948.0,388.0,1568199130.0,72.0
1568191931.0939426,51990.0,386.0,1568199130.0,76.0
1568191931.1349044,52031.0,381.0,1568199130.0,78.0
1568191931.1770945,52073.0,369.0,1568199130.0,80.0
1568191931.2181563,52114.0,375.0,1568199130.0,92.0
1568191931.2584014,52156.0,363.0,1568199130.0,105.0
1568191931.2988653,52197.0,346.0,1568199130.0,130.0
1568191931.34034,52238.0,288.0,1568199130.0,183.0
1568191931.3823013,52280.0,245.0,1568199130.0,290.0
1568191931.4230976,52321.0,293.0,1568199130.0,418.0
1568191931.4650936,52363.0,296.0,1568199130.0,462.0
1568191931.5063562,52404.0,298.0,1568199130.0,388.0
1568191931.5471196,52445.0,300.0,1568199130.0,275.0
1568191931.5892105,52487.0,297.0,1568199130.0,190.0
1568191931.6303596,52528.0,298.0,1568199131.0,127.0
1568191931.6740203,52570.0,300.0,1568199131.0,85.0
1568191931.716105,52612.0,300.0,1568199131.0,73.0
1568191931.7576473,52653.0,534.0,1568199131.0,75.0
1568191931.7991,52695.0,614.0,1568199131.0,73.0
1568191931.840298,52736.0,680.0,1568199131.0,74.0
1568191931.881948,52778.0,684.0,1568199131.0,72.0
1568191931.9230673,52819.0,718.0,1568199131.0,72.0
1568191931.9642954,52860.0,736.0,1568199131.0,73.0
1568191932.006199,52902.0,745.0,1568199131.0,68.0
1568191932.0470548,52943.0,739.0,1568199131.0,71.0
1568191932.089298,52985.0,705.0,1568199131.0,71.0
1568191932.130369,53026.0,625.0,1568199131.0,70.0
1568191932.171191,53067.0,556.0,1568199131.0,71.0
1568191932.2128391,53109.0,511.0,1568199131.0,72.0
1568191932.2545712,53150.0,486.0,1568199131.0,70.0
1568191932.2962701,53192.0,466.0,1568199131.0,70.0
1568191932.3374615,53233.0,440.0,1568199131.0,73.0
1568191932.3781269,53274.0,437.0,1568199131.0,75.0
1568191932.4201837,53316.0,448.0,1568199131.0,77.0
1568191932.4614613,53357.0,428.0,1568199131.0,80.0
1568191932.5028057,53399.0,417.0,1568199131.0,93.0
1568191932.542161,53440.0,366.0,1568199131.0,112.0
1568191932.5838614,53481.0,337.0,1568199131.0,141.0
1568191932.6259594,53523.0,303.0,1568199132.0,195.0
1568191932.666596,53565.0,276.0,1568199132.0,268.0
1568191932.708767,53606.0,302.0,1568199132.0,315.0
1568191932.7503803,53648.0,306.0,1568199132.0,297.0
1568191932.7918136,53689.0,303.0,1568199132.0,239.0
1568191932.8330634,53731.0,309.0,1568199132.0,174.0
1568191932.8739245,53772.0,308.0,1568199132.0,112.0
1568191932.917548,53813.0,310.0,1568199132.0,81.0
1568191932.958656,53855.0,350.0,1568199132.0,85.0
1568191933.0005765,53896.0,342.0,1568199132.0,80.0
1568191933.0417387,53938.0,360.0,1568199132.0,79.0
1568191933.0822802,53979.0,354.0,1568199132.0,76.0
1568191933.123984,54020.0,356.0,1568199132.0,75.0
1568191933.1654425,54062.0,343.0,1568199132.0,77.0
1568191933.20723,54103.0,338.0,1568199132.0,74.0
1568191933.2482734,54145.0,336.0,1568199132.0,76.0
1568191933.2898405,54186.0,334.0,1568199132.0,75.0
1568191933.3313365,54227.0,337.0,1568199132.0,78.0
1568191933.3733842,54269.0,330.0,1568199132.0,83.0
1568191933.4146378,54311.0,331.0,1568199132.0,81.0
1568191933.4556816,54352.0,340.0,1568199132.0,83.0
1568191933.4977326,54393.0,329.0,1568199132.0,86.0
1568191933.5390947,54435.0,327.0,1568199132.0,91.0
1568191933.5804331,54476.0,329.0,1568199132.0,94.0
1568191933.6201046,54518.0,341.0,1568199133.0,100.0
1568191933.6617227,54559.0,360.0,1568199133.0,115.0
1568191933.702829,54600.0,329.0,1568199133.0,147.0
1568191933.7451916,54642.0,247.0,1568199133.0,212.0
1568191933.7863152,54684.0,221.0,1568199133.0,311.0
1568191933.828739,54726.0,273.0,1568199133.0,469.0
1568191933.8698134,54767.0,316.0,1568199133.0,490.0
1568191933.9106746,54808.0,309.0,1568199133.0,386.0
1568191933.9525204,54850.0,314.0,1568199133.0,269.0
1568191933.9939606,54891.0,302.0,1568199133.0,183.0
1568191934.03555,54933.0,320.0,1568199133.0,132.0
1568191934.0785873,54974.0,334.0,1568199133.0,94.0
1568191934.1198432,55015.0,342.0,1568199133.0,96.0
1568191934.161539,55057.0,320.0,1568199133.0,94.0
1568191934.202741,55099.0,297.0,1568199133.0,93.0
1568191934.2449586,55140.0,285.0,1568199133.0,94.0
1568191934.2859466,55182.0,283.0,1568199133.0,94.0
1568191934.3267775,55223.0,277.0,1568199133.0,93.0
1568191934.368382,55264.0,281.0,1568199133.0,97.0
1568191934.4100084,55306.0,276.0,1568199133.0,99.0
1568191934.449971,55347.0,288.0,1568199133.0,104.0
1568191934.4904697,55389.0,277.0,1568199133.0,105.0
1568191934.532325,55430.0,271.0,1568199133.0,114.0
1568191934.5734675,55471.0,293.0,1568199133.0,117.0
1568191934.6145551,55512.0,276.0,1568199134.0,125.0
1568191934.6562707,55554.0,272.0,1568199134.0,131.0
1568191934.698053,55595.0,282.0,1568199134.0,143.0
1568191934.7398884,55637.0,262.0,1568199134.0,175.0
1568191934.7812362,55679.0,213.0,1568199134.0,235.0
1568191934.8225057,55720.0,181.0,1568199134.0,390.0
1568191934.864058,55762.0,195.0,1568199134.0,8191.0
1568191934.9055934,55803.0,303.0,1568199134.0,8191.0
1568191934.9473386,55845.0,298.0,1568199134.0,466.0
1568191934.9885607,55886.0,303.0,1568199134.0,329.0
1568191935.0292363,55927.0,304.0,1568199134.0,232.0
1568191935.0713797,55969.0,315.0,1568199134.0,165.0
1568191935.1125026,56010.0,330.0,1568199134.0,126.0
1568191935.154685,56052.0,329.0,1568199134.0,100.0
1568191935.1971889,56093.0,334.0,1568199134.0,81.0
1568191935.238295,56134.0,336.0,1568199134.0,71.0
1568191935.2798538,56176.0,387.0,1568199134.0,73.0
1568191935.321418,56217.0,456.0,1568199134.0,73.0
1568191935.3629565,56259.0,523.0,1568199134.0,77.0
1568191935.4039636,56300.0,497.0,1568199134.0,76.0
1568191935.4454467,56341.0,471.0,1568199134.0,71.0
1568191935.486884,56383.0,471.0,1568199134.0,71.0
1568191935.528123,56424.0,409.0,1568199134.0,71.0
1568191935.5699298,56466.0,416.0,1568199134.0,73.0
1568191935.6108603,56507.0,502.0,1568199134.0,74.0
1568191935.652059,56548.0,402.0,1568199135.0,73.0
1568191935.6942394,56590.0,387.0,1568199135.0,75.0
1568191935.7363322,56632.0,375.0,1568199135.0,77.0
1568191935.7780223,56674.0,367.0,1568199135.0,78.0
1568191935.8200657,56716.0,376.0,1568199135.0,82.0
1568191935.862088,56757.0,381.0,1568199135.0,86.0
1568191935.9039323,56800.0,374.0,1568199135.0,94.0
1568191935.9436874,56841.0,372.0,1568199135.0,110.0
1568191935.9855766,56883.0,378.0,1568199135.0,154.0
1568191936.0266716,56924.0,259.0,1568199135.0,237.0
1568191936.0678039,56965.0,312.0,1568199135.0,376.0
1568191936.108699,57006.0,297.0,1568199135.0,460.0
1568191936.150327,57048.0,316.0,1568199135.0,410.0
1568191936.1917765,57089.0,326.0,1568199135.0,307.0
1568191936.2330673,57131.0,334.0,1568199135.0,202.0
1568191936.2740743,57172.0,337.0,1568199135.0,139.0
1568191936.3160799,57213.0,343.0,1568199135.0,99.0
1568191936.358034,57254.0,343.0,1568199135.0,82.0
1568191936.39952,57295.0,343.0,1568199135.0,67.0
1568191936.4408236,57337.0,331.0,1568199135.0,72.0
1568191936.4824095,57378.0,363.0,1568199135.0,76.0
1568191936.523628,57420.0,382.0,1568199135.0,77.0
1568191936.5647442,57461.0,410.0,1568199135.0,75.0
1568191936.6065483,57502.0,404.0,1568199135.0,72.0
1568191936.64782,57544.0,414.0,1568199136.0,75.0
1568191936.6894283,57585.0,401.0,1568199136.0,72.0
1568191936.731232,57627.0,388.0,1568199136.0,73.0
1568191936.772771,57669.0,374.0,1568199136.0,75.0
1568191936.8146489,57710.0,368.0,1568199136.0,74.0
1568191936.8561592,57752.0,374.0,1568199136.0,71.0
1568191936.898225,57794.0,355.0,1568199136.0,76.0
1568191936.939026,57835.0,360.0,1568199136.0,75.0
1568191936.9802387,57876.0,355.0,1568199136.0,77.0
1568191937.0220637,57918.0,350.0,1568199136.0,77.0
1568191937.0631657,57959.0,355.0,1568199136.0,86.0
1568191937.1031852,58001.0,364.0,1568199136.0,102.0
1568191937.1447244,58042.0,357.0,1568199136.0,125.0
1568191937.1852775,58083.0,286.0,1568199136.0,183.0
1568191937.227432,58125.0,221.0,1568199136.0,323.0
1568191937.268582,58166.0,282.0,1568199136.0,445.0
1568191937.3104944,58208.0,307.0,1568199136.0,471.0
1568191937.3511276,58249.0,319.0,1568199136.0,408.0
1568191937.3925245,58290.0,302.0,1568199136.0,276.0
1568191937.4345815,58332.0,298.0,1568199136.0,188.0
1568191937.475108,58373.0,308.0,1568199136.0,126.0
1568191937.5186062,58415.0,310.0,1568199136.0,91.0
1568191937.5596378,58456.0,310.0,1568199136.0,73.0
1568191937.6007621,58497.0,302.0,1568199136.0,74.0
1568191937.6425292,58539.0,324.0,1568199137.0,69.0
1568191937.6843514,58580.0,382.0,1568199137.0,73.0
1568191937.7261066,58622.0,666.0,1568199137.0,75.0
1568191937.7672076,58664.0,675.0,1568199137.0,73.0
1568191937.8088772,58705.0,675.0,1568199137.0,70.0
1568191937.8506672,58747.0,619.0,1568199137.0,70.0
1568191937.8924816,58788.0,605.0,1568199137.0,72.0
1568191937.9341643,58830.0,615.0,1568199137.0,69.0
1568191937.9756203,58872.0,546.0,1568199137.0,70.0
1568191938.0170538,58913.0,560.0,1568199137.0,70.0
1568191938.0581267,58955.0,485.0,1568199137.0,70.0
1568191938.0995374,58996.0,460.0,1568199137.0,70.0
1568191938.1413512,59038.0,444.0,1568199137.0,72.0
1568191938.1830995,59079.0,438.0,1568199137.0,74.0
1568191938.2253156,59121.0,426.0,1568199137.0,74.0
1568191938.266346,59162.0,409.0,1568199137.0,79.0
1568191938.3073647,59203.0,426.0,1568199137.0,89.0
1568191938.3475063,59245.0,393.0,1568199137.0,104.0
1568191938.388797,59286.0,356.0,1568199137.0,138.0
1568191938.4304273,59328.0,266.0,1568199137.0,216.0
1568191938.4709523,59369.0,268.0,1568199137.0,336.0
1568191938.5131285,59410.0,310.0,1568199137.0,385.0
1568191938.5547988,59453.0,321.0,1568199137.0,376.0
1568191938.5963373,59494.0,333.0,1568199137.0,278.0
1568191938.6379435,59536.0,348.0,1568199138.0,199.0
1568191938.679047,59577.0,350.0,1568199138.0,146.0
1568191938.720896,59618.0,343.0,1568199138.0,109.0
1568191938.764455,59660.0,341.0,1568199138.0,90.0
1568191938.8060005,59701.0,331.0,1568199138.0,77.0
1568191938.8472564,59743.0,330.0,1568199138.0,75.0
1568191938.8887467,59784.0,373.0,1568199138.0,75.0
1568191938.9302073,59826.0,452.0,1568199138.0,73.0
1568191938.9718027,59868.0,484.0,1568199138.0,74.0
1568191939.013144,59909.0,468.0,1568199138.0,74.0
1568191939.0546103,59951.0,447.0,1568199138.0,74.0
1568191939.0956647,59992.0,444.0,1568199138.0,70.0
1568191939.1372564,60033.0,430.0,1568199138.0,69.0
1568191939.1785457,60075.0,415.0,1568199138.0,71.0
1568191939.2208512,60116.0,405.0,1568199138.0,75.0
1568191939.2625322,60158.0,397.0,1568199138.0,76.0
1568191939.3034048,60199.0,403.0,1568199138.0,78.0
1568191939.3448822,60241.0,396.0,1568199138.0,81.0
1568191939.3861763,60282.0,387.0,1568199138.0,80.0
1568191939.4276912,60324.0,378.0,1568199138.0,89.0
1568191939.467755,60365.0,373.0,1568199138.0,100.0
1568191939.5086858,60407.0,376.0,1568199138.0,122.0
1568191939.5500963,60448.0,330.0,1568199138.0,158.0
1568191939.5917952,60489.0,255.0,1568199138.0,267.0
1568191939.6331143,60531.0,278.0,1568199139.0,474.0
1568191939.6745276,60572.0,307.0,1568199139.0,571.0
1568191939.7165625,60614.0,307.0,1568199139.0,474.0
1568191939.758641,60656.0,313.0,1568199139.0,358.0
1568191939.8000033,60698.0,322.0,1568199139.0,243.0
1568191939.8412864,60739.0,333.0,1568199139.0,169.0
1568191939.882971,60781.0,358.0,1568199139.0,125.0
1568191939.926347,60822.0,360.0,1568199139.0,97.0
1568191939.968332,60864.0,357.0,1568199139.0,84.0
1568191940.00922,60905.0,354.0,1568199139.0,76.0
1568191940.0505552,60946.0,350.0,1568199139.0,77.0
1568191940.0918567,60988.0,354.0,1568199139.0,81.0
1568191940.133911,61029.0,356.0,1568199139.0,80.0
1568191940.1752834,61071.0,366.0,1568199139.0,76.0
1568191940.216207,61112.0,366.0,1568199139.0,75.0
1568191940.257548,61153.0,366.0,1568199139.0,73.0
1568191940.299069,61195.0,368.0,1568199139.0,75.0
1568191940.3405144,61236.0,368.0,1568199139.0,76.0
1568191940.3823347,61278.0,353.0,1568199139.0,80.0
1568191940.423046,61319.0,340.0,1568199139.0,80.0
1568191940.463889,61360.0,324.0,1568199139.0,83.0
1568191940.505684,61402.0,318.0,1568199139.0,85.0
1568191940.5471294,61443.0,327.0,1568199139.0,88.0
1568191940.58851,61485.0,326.0,1568199139.0,89.0
1568191940.6299894,61526.0,324.0,1568199140.0,92.0
1568191940.6696012,61567.0,329.0,1568199140.0,106.0
1568191940.7113929,61609.0,341.0,1568199140.0,128.0
1568191940.7534719,61651.0,354.0,1568199140.0,185.0
1568191940.7949424,61693.0,237.0,1568199140.0,306.0
1568191940.8364701,61734.0,288.0,1568199140.0,455.0
1568191940.8775823,61775.0,312.0,1568199140.0,8191.0
1568191940.9190083,61817.0,325.0,1568199140.0,452.0
1568191940.9604938,61858.0,309.0,1568199140.0,300.0
1568191941.0026948,61900.0,321.0,1568199140.0,193.0
1568191941.0438175,61941.0,357.0,1568199140.0,134.0
1568191941.0865712,61982.0,325.0,1568199140.0,96.0
1568191941.127732,62024.0,325.0,1568199140.0,77.0
1568191941.168938,62065.0,327.0,1568199140.0,68.0
1568191941.2105906,62107.0,329.0,1568199140.0,73.0
1568191941.2519348,62148.0,405.0,1568199140.0,75.0
1568191941.2932634,62189.0,494.0,1568199140.0,74.0
1568191941.333948,62230.0,519.0,1568199140.0,74.0
1568191941.3749743,62271.0,488.0,1568199140.0,71.0
1568191941.4170477,62313.0,436.0,1568199140.0,74.0
1568191941.458619,62354.0,415.0,1568199140.0,73.0
1568191941.499521,62396.0,394.0,1568199140.0,77.0
1568191941.5414283,62437.0,376.0,1568199140.0,79.0
1568191941.5824773,62478.0,367.0,1568199140.0,81.0
1568191941.6241095,62520.0,366.0,1568199141.0,80.0
1568191941.6650803,62561.0,368.0,1568199141.0,82.0
1568191941.707112,62603.0,361.0,1568199141.0,81.0
1568191941.7491791,62645.0,369.0,1568199141.0,88.0
1568191941.790323,62686.0,354.0,1568199141.0,91.0
1568191941.8299215,62728.0,356.0,1568199141.0,100.0
1568191941.8710907,62769.0,364.0,1568199141.0,129.0
1568191941.91325,62811.0,322.0,1568199141.0,182.0
1568191941.9543514,62852.0,218.0,1568199141.0,301.0
1568191941.9955533,62893.0,294.0,1568199141.0,428.0
1568191942.037289,62935.0,334.0,1568199141.0,483.0
1568191942.0785904,62976.0,307.0,1568199141.0,391.0
1568191942.1206536,63018.0,302.0,1568199141.0,263.0
1568191942.1617403,63059.0,301.0,1568199141.0,188.0
1568191942.2026997,63100.0,338.0,1568199141.0,132.0
1568191942.2448385,63142.0,337.0,1568199141.0,100.0
1568191942.2874231,63183.0,337.0,1568199141.0,79.0
1568191942.3294036,63225.0,330.0,1568199141.0,71.0
1568191942.3702936,63266.0,316.0,1568199141.0,75.0
1568191942.4113688,63307.0,327.0,1568199141.0,76.0
1568191942.4532473,63349.0,367.0,1568199141.0,74.0
1568191942.4945948,63390.0,351.0,1568199141.0,75.0
1568191942.5364475,63432.0,357.0,1568199141.0,73.0
1568191942.576964,63473.0,343.0,1568199141.0,75.0
1568191942.6186655,63514.0,339.0,1568199142.0,76.0
1568191942.6610436,63556.0,337.0,1568199142.0,75.0
1568191942.7025635,63598.0,346.0,1568199142.0,76.0
1568191942.7444491,63640.0,322.0,1568199142.0,78.0
1568191942.785887,63681.0,320.0,1568199142.0,81.0
1568191942.826664,63722.0,307.0,1568199142.0,81.0
1568191942.8684046,63764.0,324.0,1568199142.0,85.0
1568191942.90993,63805.0,312.0,1568199142.0,90.0
1568191942.9513097,63847.0,319.0,1568199142.0,94.0
1568191942.9906905,63888.0,308.0,1568199142.0,101.0
1568191943.031833,63929.0,318.0,1568199142.0,117.0
1568191943.0730433,63970.0,330.0,1568199142.0,146.0
1568191943.1141853,64011.0,213.0,1568199142.0,205.0
1568191943.1559038,64053.0,187.0,1568199142.0,335.0
1568191943.1972215,64095.0,274.0,1568199142.0,8191.0
1568191943.2408397,64137.0,282.0,1568199142.0,-1.0
1568191943.2802846,64178.0,294.0,1568199142.0,364.0
1568191943.3215463,64219.0,298.0,1568199142.0,248.0
1568191943.363099,64261.0,300.0,1568199142.0,166.0
1568191943.4040482,64302.0,302.0,1568199142.0,124.0
1568191943.4477582,64344.0,301.0,1568199142.0,95.0
1568191943.4890966,64385.0,300.0,1568199142.0,84.0
1568191943.5302508,64426.0,293.0,1568199142.0,74.0
1568191943.5706453,64467.0,291.0,1568199142.0,75.0
1568191943.612016,64508.0,354.0,1568199142.0,75.0
1568191943.6541662,64550.0,398.0,1568199143.0,74.0
1568191943.6950057,64591.0,453.0,1568199143.0,73.0
1568191943.7373614,64633.0,460.0,1568199143.0,74.0
1568191943.7786946,64675.0,487.0,1568199143.0,69.0
1568191943.8197536,64716.0,451.0,1568199143.0,69.0
1568191943.861327,64757.0,413.0,1568199143.0,73.0
1568191943.902076,64798.0,416.0,1568199143.0,77.0
1568191943.9430044,64839.0,387.0,1568199143.0,73.0
1568191943.9852448,64881.0,369.0,1568199143.0,78.0
1568191944.026329,64922.0,357.0,1568199143.0,79.0
1568191944.0678244,64964.0,345.0,1568199143.0,84.0
1568191944.10879,65005.0,332.0,1568199143.0,87.0
1568191944.15015,65046.0,353.0,1568199143.0,93.0
1568191944.1903043,65088.0,368.0,1568199143.0,102.0
1568191944.231711,65129.0,356.0,1568199143.0,112.0
1568191944.2733297,65171.0,312.0,1568199143.0,152.0
1568191944.3146718,65212.0,204.0,1568199143.0,234.0
1568191944.3558276,65253.0,198.0,1568199143.0,368.0
1568191944.3979409,65295.0,276.0,1568199143.0,8191.0
1568191944.4384515,65336.0,321.0,1568199143.0,8191.0
1568191944.4808345,65378.0,324.0,1568199143.0,339.0
1568191944.5218773,65419.0,330.0,1568199143.0,222.0
1568191944.563041,65461.0,341.0,1568199143.0,161.0
1568191944.6052139,65503.0,325.0,1568199143.0,118.0
1568191944.6480322,65544.0,339.0,1568199144.0,96.0
1568191944.6901178,65586.0,302.0,1568199144.0,84.0
1568191944.7307613,65627.0,300.0,1568199144.0,78.0
1568191944.772912,65668.0,306.0,1568199144.0,76.0
1568191944.813895,65710.0,313.0,1568199144.0,74.0
1568191944.8547218,65751.0,334.0,1568199144.0,72.0
1568191944.8967845,65793.0,341.0,1568199144.0,72.0
1568191944.9379535,65834.0,340.0,1568199144.0,68.0
1568191944.9786754,65875.0,345.0,1568199144.0,72.0
1568191945.0196667,65916.0,321.0,1568199144.0,75.0
1568191945.061139,65957.0,340.0,1568199144.0,73.0
1568191945.1026404,65999.0,303.0,1568199144.0,73.0
1568191945.1441782,66040.0,322.0,1568199144.0,80.0
1568191945.1858006,66082.0,315.0,1568199144.0,81.0
1568191945.226659,66123.0,336.0,1568199144.0,85.0
1568191945.268476,66164.0,302.0,1568199144.0,88.0
1568191945.3101993,66206.0,295.0,1568199144.0,94.0
1568191945.3498032,66247.0,309.0,1568199144.0,107.0
1568191945.3914886,66289.0,316.0,1568199144.0,126.0
1568191945.4328163,66330.0,267.0,1568199144.0,186.0
1568191945.4737608,66371.0,186.0,1568199144.0,295.0
1568191945.5152342,66413.0,253.0,1568199144.0,414.0
1568191945.5576317,66454.0,264.0,1568199144.0,410.0
1568191945.5994494,66497.0,283.0,1568199144.0,340.0
1568191945.6409273,66538.0,277.0,1568199145.0,232.0
1568191945.6824162,66579.0,272.0,1568199145.0,176.0
1568191945.72416,66622.0,280.0,1568199145.0,130.0
1568191945.766633,66664.0,274.0,1568199145.0,109.0
1568191945.8101513,66706.0,273.0,1568199145.0,90.0
1568191945.8507073,66747.0,267.0,1568199145.0,80.0
1568191945.8926332,66788.0,254.0,1568199145.0,73.0
1568191945.9340804,66830.0,247.0,1568199145.0,75.0
1568191945.9751406,66871.0,310.0,1568199145.0,73.0
1568191946.0172005,66913.0,312.0,1568199145.0,74.0
1568191946.0582514,66954.0,325.0,1568199145.0,71.0
1568191946.0992377,66995.0,310.0,1568199145.0,74.0
1568191946.1414998,67037.0,298.0,1568199145.0,75.0
1568191946.1821625,67078.0,294.0,1568199145.0,82.0
1568191946.2230132,67119.0,288.0,1568199145.0,80.0
1568191946.2638123,67160.0,288.0,1568199145.0,84.0
1568191946.3061547,67201.0,273.0,1568199145.0,88.0
1568191946.3477395,67243.0,272.0,1568199145.0,91.0
1568191946.388998,67285.0,273.0,1568199145.0,97.0
1568191946.4288213,67326.0,329.0,1568199145.0,104.0
1568191946.4699683,67368.0,307.0,1568199145.0,109.0
1568191946.5106804,67409.0,300.0,1568199145.0,109.0
1568191946.5521853,67450.0,331.0,1568199145.0,126.0
1568191946.593079,67491.0,284.0,1568199145.0,156.0
1568191946.6347413,67532.0,220.0,1568199146.0,249.0
1568191946.6759667,67574.0,261.0,1568199146.0,375.0
1568191946.7170632,67615.0,286.0,1568199146.0,464.0
1568191946.7586613,67656.0,284.0,1568199146.0,411.0
1568191946.8002212,67698.0,288.0,1568199146.0,322.0
1568191946.8423426,67739.0,281.0,1568199146.0,222.0
1568191946.883147,67781.0,290.0,1568199146.0,154.0
1568191946.9248965,67823.0,307.0,1568199146.0,121.0
1568191946.9678543,67864.0,302.0,1568199146.0,93.0
1568191947.0095482,67905.0,301.0,1568199146.0,81.0
1568191947.0505903,67947.0,298.0,1568199146.0,77.0
1568191947.0924513,67988.0,297.0,1568199146.0,80.0
1568191947.1338058,68030.0,306.0,1568199146.0,80.0
1568191947.1750143,68071.0,308.0,1568199146.0,77.0
1568191947.2170753,68112.0,353.0,1568199146.0,77.0
1568191947.2586524,68154.0,374.0,1568199146.0,75.0
1568191947.2956371,68196.0,360.0,1568199146.0,76.0
1568191947.3431869,68239.0,324.0,1568199146.0,77.0
1568191947.3843246,68280.0,316.0,1568199146.0,78.0
1568191947.4261906,68321.0,306.0,1568199146.0,82.0
1568191947.4678004,68364.0,292.0,1568199146.0,84.0
1568191947.5095506,68405.0,272.0,1568199146.0,88.0
1568191947.5510209,68447.0,303.0,1568199146.0,88.0
1568191947.5924819,68488.0,272.0,1568199146.0,91.0
1568191947.6340408,68529.0,288.0,1568199147.0,96.0
1568191947.674097,68571.0,358.0,1568199147.0,106.0
1568191947.7156405,68613.0,313.0,1568199147.0,119.0
1568191947.7579892,68655.0,320.0,1568199147.0,152.0
1568191947.7986803,68696.0,254.0,1568199147.0,234.0
1568191947.8399186,68737.0,220.0,1568199147.0,406.0
1568191947.8815327,68779.0,273.0,1568199147.0,8191.0
1568191947.9226944,68820.0,264.0,1568199147.0,505.0
1568191947.9648561,68862.0,268.0,1568199147.0,453.0
1568191948.0059626,68903.0,271.0,1568199147.0,381.0
1568191948.0465527,68944.0,273.0,1568199147.0,299.0
1568191948.0877619,68985.0,276.0,1568199147.0,224.0
1568191948.1291568,69026.0,280.0,1568199147.0,174.0
1568191948.1706824,69068.0,282.0,1568199147.0,144.0
1568191948.211738,69109.0,283.0,1568199147.0,124.0
1568191948.253152,69151.0,282.0,1568199147.0,106.0
1568191948.2962346,69192.0,279.0,1568199147.0,92.0
1568191948.3378727,69233.0,290.0,1568199147.0,85.0
1568191948.3793702,69275.0,302.0,1568199147.0,82.0
1568191948.4205606,69316.0,334.0,1568199147.0,77.0
1568191948.4627163,69358.0,343.0,1568199147.0,74.0
1568191948.5035985,69399.0,367.0,1568199147.0,68.0
1568191948.5449247,69441.0,350.0,1568199147.0,68.0
1568191948.5861597,69482.0,379.0,1568199147.0,65.0
1568191948.6284788,69523.0,423.0,1568199148.0,66.0
1568191948.6699185,69566.0,417.0,1568199148.0,65.0
1568191948.7107694,69607.0,367.0,1568199148.0,64.0
1568191948.7527788,69649.0,394.0,1568199148.0,68.0
1568191948.794553,69691.0,397.0,1568199148.0,64.0
1568191948.8360224,69732.0,367.0,1568199148.0,67.0
1568191948.8774338,69774.0,376.0,1568199148.0,67.0
1568191948.9184785,69815.0,382.0,1568199148.0,69.0
1568191948.9599147,69856.0,388.0,1568199148.0,72.0
1568191949.0016356,69898.0,352.0,1568199148.0,76.0
1568191949.04274,69939.0,328.0,1568199148.0,81.0
1568191949.0844717,69981.0,312.0,1568199148.0,88.0
1568191949.1239052,70022.0,328.0,1568199148.0,113.0
1568191949.165052,70063.0,276.0,1568199148.0,161.0
1568191949.2069633,70105.0,189.0,1568199148.0,259.0
1568191949.2484097,70146.0,237.0,1568199148.0,387.0
1568191949.290274,70188.0,254.0,1568199148.0,414.0
1568191949.3314471,70229.0,262.0,1568199148.0,401.0
1568191949.372454,70270.0,271.0,1568199148.0,277.0
1568191949.4145598,70312.0,276.0,1568199148.0,187.0
1568191949.455533,70353.0,283.0,1568199148.0,130.0
1568191949.4971228,70394.0,284.0,1568199148.0,106.0
1568191949.5394728,70435.0,282.0,1568199148.0,84.0
1568191949.5807095,70476.0,278.0,1568199148.0,74.0
1568191949.622533,70518.0,316.0,1568199149.0,74.0
1568191949.6635573,70559.0,308.0,1568199149.0,72.0
1568191949.7057323,70601.0,308.0,1568199149.0,69.0
1568191949.7471926,70643.0,305.0,1568199149.0,68.0
1568191949.7888718,70684.0,303.0,1568199149.0,68.0
1568191949.8305445,70726.0,306.0,1568199149.0,69.0
1568191949.871673,70767.0,312.0,1568199149.0,69.0
1568191949.913484,70809.0,310.0,1568199149.0,67.0
1568191949.9545884,70850.0,303.0,1568199149.0,66.0
1568191949.995417,70891.0,300.0,1568199149.0,71.0
1568191950.036431,70932.0,297.0,1568199149.0,70.0
1568191950.0778658,70973.0,301.0,1568199149.0,73.0
1568191950.119338,71015.0,298.0,1568199149.0,76.0
1568191950.1604507,71056.0,349.0,1568199149.0,77.0
1568191950.201866,71097.0,360.0,1568199149.0,84.0
1568191950.2424746,71138.0,329.0,1568199149.0,97.0
1568191950.2819304,71179.0,321.0,1568199149.0,121.0
1568191950.3234735,71221.0,273.0,1568199149.0,154.0
1568191950.3649225,71262.0,204.0,1568199149.0,249.0
1568191950.4067228,71304.0,187.0,1568199149.0,412.0
1568191950.447805,71345.0,274.0,1568199149.0,8191.0
1568191950.4885025,71386.0,278.0,1568199149.0,472.0
1568191950.5306673,71428.0,282.0,1568199149.0,338.0
1568191950.5720239,71469.0,288.0,1568199149.0,263.0
1568191950.6141467,71511.0,289.0,1568199150.0,183.0
1568191950.6549106,71553.0,294.0,1568199150.0,133.0
1568191950.696407,71594.0,310.0,1568199150.0,103.0
1568191950.7396414,71635.0,289.0,1568199150.0,87.0
1568191950.7820005,71677.0,289.0,1568199150.0,77.0
1568191950.8235056,71719.0,300.0,1568199150.0,78.0
1568191950.864654,71760.0,325.0,1568199150.0,75.0
1568191950.9060953,71801.0,322.0,1568199150.0,75.0
1568191950.9474106,71843.0,319.0,1568199150.0,74.0
1568191950.9890478,71884.0,309.0,1568199150.0,73.0
1568191951.0306427,71926.0,291.0,1568199150.0,78.0
1568191951.071151,71967.0,290.0,1568199150.0,78.0
1568191951.1129751,72008.0,286.0,1568199150.0,81.0
1568191951.1546237,72050.0,282.0,1568199150.0,86.0
1568191951.1956496,72091.0,270.0,1568199150.0,87.0
1568191951.2371063,72133.0,266.0,1568199150.0,91.0
1568191951.2786355,72174.0,261.0,1568199150.0,92.0
1568191951.3199258,72215.0,268.0,1568199150.0,97.0
1568191951.361529,72257.0,259.0,1568199150.0,99.0
1568191951.4012234,72298.0,260.0,1568199150.0,105.0
1568191951.4432771,72341.0,264.0,1568199150.0,110.0
1568191951.4845448,72382.0,313.0,1568199150.0,119.0
1568191951.5257454,72423.0,298.0,1568199150.0,139.0
1568191951.5671442,72465.0,283.0,1568199150.0,176.0
1568191951.6086314,72506.0,187.0,1568199150.0,268.0
1568191951.6505783,72548.0,169.0,1568199151.0,462.0
1568191951.6913853,72589.0,274.0,1568199151.0,8191.0
1568191951.7332788,72630.0,261.0,1568199151.0,8191.0
1568191951.7752786,72673.0,255.0,1568199151.0,341.0
1568191951.816922,72714.0,259.0,1568199151.0,242.0
1568191951.8584833,72756.0,262.0,1568199151.0,180.0
1568191951.8996336,72797.0,270.0,1568199151.0,143.0
1568191951.9404883,72838.0,274.0,1568199151.0,124.0
1568191951.9833665,72879.0,272.0,1568199151.0,96.0
1568191952.0226493,72920.0,271.0,1568199151.0,112.0
1568191952.0648463,72962.0,266.0,1568199151.0,116.0
1568191952.1054597,73003.0,255.0,1568199151.0,125.0
1568191952.1466415,73044.0,253.0,1568199151.0,125.0
1568191952.1878047,73085.0,248.0,1568199151.0,136.0
1568191952.2289617,73126.0,247.0,1568199151.0,135.0
1568191952.2705443,73168.0,254.0,1568199151.0,126.0
1568191952.3118238,73209.0,255.0,1568199151.0,113.0
1568191952.3553686,73251.0,232.0,1568199151.0,86.0
1568191952.3966486,73292.0,242.0,1568199151.0,79.0
1568191952.4376092,73333.0,274.0,1568199151.0,75.0
1568191952.4791253,73375.0,315.0,1568199151.0,71.0
1568191952.520585,73416.0,460.0,1568199151.0,73.0
1568191952.5623589,73458.0,458.0,1568199151.0,72.0
1568191952.6031313,73499.0,506.0,1568199151.0,72.0
1568191952.6443985,73540.0,553.0,1568199152.0,69.0
1568191952.6863008,73582.0,572.0,1568199152.0,69.0
1568191952.7279015,73623.0,642.0,1568199152.0,71.0
1568191952.769888,73665.0,642.0,1568199152.0,70.0
1568191952.811034,73707.0,639.0,1568199152.0,70.0
1568191952.8528337,73748.0,628.0,1568199152.0,70.0
1568191952.8940892,73790.0,628.0,1568199152.0,74.0
1568191952.9352522,73831.0,648.0,1568199152.0,73.0
1568191952.977201,73873.0,585.0,1568199152.0,72.0
1568191953.017942,73914.0,476.0,1568199152.0,71.0
1568191953.0590951,73955.0,376.0,1568199152.0,77.0
1568191953.1011558,73997.0,363.0,1568199152.0,89.0
1568191953.142624,74038.0,361.0,1568199152.0,95.0
1568191953.1838927,74080.0,350.0,1568199152.0,82.0
1568191953.225089,74121.0,376.0,1568199152.0,71.0
1568191953.2665021,74162.0,413.0,1568199152.0,73.0
1568191953.3081229,74204.0,534.0,1568199152.0,71.0
1568191953.3489645,74245.0,643.0,1568199152.0,71.0
1568191953.3906536,74287.0,709.0,1568199152.0,73.0
1568191953.431943,74328.0,717.0,1568199152.0,75.0
1568191953.4732916,74369.0,749.0,1568199152.0,76.0
1568191953.514726,74411.0,747.0,1568199152.0,77.0
1568191953.5564134,74452.0,748.0,1568199152.0,73.0
1568191953.5982094,74494.0,742.0,1568199152.0,75.0
1568191953.6386535,74535.0,730.0,1568199153.0,74.0
1568191953.6801028,74576.0,686.0,1568199153.0,72.0
1568191953.7217689,74618.0,674.0,1568199153.0,74.0
1568191953.7641509,74659.0,686.0,1568199153.0,71.0
1568191953.8058422,74701.0,693.0,1568199153.0,72.0
1568191953.8466663,74743.0,628.0,1568199153.0,70.0
1568191953.8880234,74784.0,591.0,1568199153.0,70.0
1568191953.9300108,74826.0,543.0,1568199153.0,73.0
1568191953.971023,74867.0,586.0,1568199153.0,73.0
1568191954.0130901,74909.0,580.0,1568199153.0,77.0
1568191954.0537672,74950.0,552.0,1568199153.0,76.0
1568191954.0957642,74992.0,580.0,1568199153.0,77.0
1568191954.1370013,75033.0,572.0,1568199153.0,77.0
1568191954.1784563,75074.0,586.0,1568199153.0,76.0
1568191954.2200365,75116.0,579.0,1568199153.0,74.0
1568191954.2612817,75157.0,532.0,1568199153.0,77.0
1568191954.3026576,75199.0,529.0,1568199153.0,77.0
1568191954.3439627,75240.0,487.0,1568199153.0,76.0
1568191954.384925,75281.0,466.0,1568199153.0,74.0
1568191954.426644,75323.0,471.0,1568199153.0,76.0
1568191954.4678934,75364.0,477.0,1568199153.0,79.0
1568191954.5098383,75405.0,498.0,1568199153.0,74.0
1568191954.5505428,75447.0,513.0,1568199153.0,75.0
1568191954.5922148,75488.0,521.0,1568199153.0,77.0
1568191954.634386,75530.0,519.0,1568199154.0,75.0
1568191954.6752276,75571.0,518.0,1568199154.0,77.0
1568191954.7175863,75613.0,519.0,1568199154.0,76.0
1568191954.7590768,75655.0,518.0,1568199154.0,74.0
1568191954.8006353,75696.0,525.0,1568199154.0,77.0
1568191954.8426704,75738.0,518.0,1568199154.0,76.0
1568191954.8837445,75780.0,520.0,1568199154.0,75.0
1568191954.925763,75821.0,519.0,1568199154.0,75.0
1568191954.9663289,75863.0,514.0,1568199154.0,75.0
1568191955.007972,75904.0,514.0,1568199154.0,76.0
1568191955.0499964,75945.0,509.0,1568199154.0,75.0
1568191955.0906405,75987.0,514.0,1568199154.0,77.0
1568191955.132308,76028.0,481.0,1568199154.0,74.0
1568191955.1739514,76070.0,478.0,1568199154.0,75.0
1568191955.2149417,76111.0,481.0,1568199154.0,73.0
1568191955.256719,76152.0,489.0,1568199154.0,73.0
1568191955.2979646,76194.0,514.0,1568199154.0,72.0
1568191955.3393497,76235.0,526.0,1568199154.0,77.0
1568191955.3809707,76277.0,533.0,1568199154.0,74.0
1568191955.422075,76318.0,528.0,1568199154.0,75.0
1568191955.4633024,76359.0,520.0,1568199154.0,76.0
1568191955.5049505,76401.0,519.0,1568199154.0,75.0
1568191955.5461612,76442.0,516.0,1568199154.0,71.0
1568191955.58725,76484.0,518.0,1568199154.0,75.0
1568191955.6283062,76525.0,522.0,1568199155.0,74.0
1568191955.6693745,76566.0,518.0,1568199155.0,74.0
1568191955.7104487,76607.0,518.0,1568199155.0,73.0
1568191955.7522602,76648.0,519.0,1568199155.0,74.0
1568191955.794281,76690.0,514.0,1568199155.0,76.0
1568191955.836255,76732.0,511.0,1568199155.0,77.0
1568191955.877629,76774.0,514.0,1568199155.0,71.0
1568191955.9186795,76815.0,512.0,1568199155.0,75.0
1568191955.9607372,76856.0,507.0,1568199155.0,73.0
1568191956.0017524,76898.0,499.0,1568199155.0,76.0
1568191956.0435097,76939.0,497.0,1568199155.0,76.0
1568191956.084797,76980.0,501.0,1568199155.0,73.0
