1568194434.7506886,18819.0,760.0,3918.0,89.0
1568194434.791308,18860.0,761.0,3918.0,90.0
1568194434.8330536,18901.0,760.0,3918.0,87.0
1568194434.873334,18942.0,760.0,3918.0,90.0
1568194434.9152904,18983.0,760.0,3918.0,85.0
1568194434.9556544,19024.0,760.0,3918.0,88.0
1568194434.9966564,19065.0,760.0,3918.0,87.0
1568194435.037984,19106.0,760.0,3918.0,88.0
1568194435.0786927,19147.0,760.0,3918.0,88.0
1568194435.1205008,19188.0,760.0,3918.0,88.0
1568194435.1603143,19229.0,760.0,3918.0,86.0
1568194435.201651,19270.0,760.0,3918.0,87.0
1568194435.2427402,19311.0,760.0,3918.0,89.0
1568194435.2836616,19352.0,760.0,3918.0,87.0
1568194435.3250694,19393.0,760.0,3918.0,91.0
1568194435.365944,19434.0,760.0,3918.0,90.0
1568194435.4063358,19475.0,761.0,3918.0,89.0
1568194435.4469206,19515.0,760.0,3919.0,89.0
1568194435.4873295,19556.0,760.0,3919.0,86.0
1568194435.52886,19597.0,760.0,3919.0,90.0
1568194435.5699456,19638.0,760.0,3919.0,89.0
1568194435.610244,19679.0,760.0,3919.0,89.0
1568194435.6517403,19720.0,760.0,3919.0,86.0
1568194435.692444,19761.0,761.0,3919.0,87.0
1568194435.7340896,19802.0,760.0,3919.0,87.0
1568194435.7743316,19843.0,760.0,3919.0,89.0
1568194435.8150675,19884.0,760.0,3919.0,88.0
1568194435.856513,19925.0,760.0,3919.0,88.0
1568194435.8976302,19966.0,760.0,3919.0,88.0
1568194435.9386184,20007.0,759.0,3919.0,88.0
1568194435.9794347,20048.0,760.0,3919.0,89.0
1568194436.020632,20089.0,760.0,3919.0,89.0
1568194436.0623698,20131.0,760.0,3919.0,89.0
1568194436.1031442,20172.0,760.0,3919.0,89.0
1568194436.1445534,20213.0,761.0,3919.0,91.0
1568194436.185299,20254.0,760.0,3919.0,89.0
1568194436.2255275,20294.0,760.0,3919.0,87.0
1568194436.2664404,20335.0,760.0,3919.0,88.0
1568194436.3071957,20376.0,760.0,3919.0,88.0
1568194436.3486118,20417.0,760.0,3919.0,89.0
1568194436.3895652,20458.0,760.0,3919.0,87.0
1568194436.429657,20498.0,760.0,3920.0,87.0
1568194436.4716804,20540.0,760.0,3920.0,91.0
1568194436.5117345,20581.0,760.0,3920.0,89.0
1568194436.5539038,20622.0,760.0,3920.0,88.0
1568194436.5944228,20663.0,760.0,3920.0,90.0
1568194436.6349213,20703.0,760.0,3920.0,87.0
1568194436.6761825,20745.0,760.0,3920.0,90.0
1568194436.7169838,20786.0,760.0,3920.0,86.0
1568194436.7583826,20827.0,760.0,3920.0,90.0
1568194436.7990398,20868.0,759.0,3920.0,86.0
1568194436.8399258,20908.0,760.0,3920.0,87.0
1568194436.8814108,20950.0,760.0,3920.0,87.0
1568194436.9222822,20990.0,760.0,3920.0,93.0
1568194436.9633307,21032.0,760.0,3920.0,86.0
1568194437.0040112,21073.0,760.0,3920.0,91.0
1568194437.0443325,21113.0,760.0,3920.0,87.0
1568194437.085258,21154.0,760.0,3920.0,85.0
1568194437.1259723,21195.0,760.0,3920.0,87.0
1568194437.1676104,21236.0,761.0,3920.0,89.0
1568194437.2080142,21277.0,760.0,3920.0,87.0
1568194437.2486966,21317.0,760.0,3920.0,91.0
1568194437.2904704,21359.0,760.0,3920.0,88.0
1568194437.3308635,21399.0,760.0,3920.0,88.0
1568194437.3727329,21441.0,760.0,3920.0,92.0
1568194437.4129915,21482.0,761.0,3920.0,86.0
1568194437.4538672,21522.0,760.0,3921.0,88.0
1568194437.4951684,21564.0,760.0,3921.0,90.0
1568194437.5357652,21604.0,760.0,3921.0,88.0
1568194437.5773768,21646.0,760.0,3921.0,88.0
1568194437.6183941,21687.0,760.0,3921.0,90.0
1568194437.658818,21727.0,760.0,3921.0,89.0
1568194437.7000852,21768.0,760.0,3921.0,91.0
1568194437.741279,21809.0,760.0,3921.0,89.0
1568194437.7826867,21851.0,760.0,3921.0,85.0
1568194437.8232553,21892.0,760.0,3921.0,87.0
1568194437.864689,21933.0,760.0,3921.0,89.0
1568194437.9047577,21973.0,760.0,3921.0,90.0
1568194437.9454398,22014.0,760.0,3921.0,85.0
1568194437.9868186,22055.0,760.0,3921.0,89.0
1568194438.0276062,22096.0,761.0,3921.0,87.0
1568194438.0684328,22137.0,760.0,3921.0,89.0
1568194438.1096175,22178.0,761.0,3921.0,91.0
1568194438.150479,22219.0,761.0,3921.0,88.0
1568194438.191982,22260.0,760.0,3921.0,92.0
1568194438.2325895,22301.0,760.0,3921.0,88.0
1568194438.2733228,22342.0,760.0,3921.0,92.0
1568194438.3146377,22383.0,760.0,3921.0,88.0
1568194438.355545,22424.0,760.0,3921.0,86.0
1568194438.396991,22465.0,759.0,3921.0,88.0
1568194438.4374855,22506.0,760.0,3922.0,86.0
1568194438.4782019,22547.0,759.0,3922.0,90.0
1568194438.519303,22588.0,760.0,3922.0,87.0
1568194438.560326,22629.0,760.0,3922.0,85.0
1568194438.6010797,22670.0,760.0,3922.0,89.0
1568194438.6420984,22711.0,760.0,3922.0,88.0
1568194438.6828835,22752.0,760.0,3922.0,85.0
1568194438.7235756,22792.0,760.0,3922.0,86.0
1568194438.765049,22833.0,760.0,3922.0,87.0
1568194438.8064446,22875.0,760.0,3922.0,88.0
1568194438.8470623,22916.0,760.0,3922.0,89.0
1568194438.8877275,22956.0,760.0,3922.0,88.0
1568194438.9287083,22997.0,760.0,3922.0,89.0
1568194438.969349,23038.0,760.0,3922.0,88.0
1568194439.0105271,23079.0,760.0,3922.0,85.0
1568194439.0515027,23120.0,760.0,3922.0,88.0
1568194439.0920823,23160.0,760.0,3922.0,88.0
1568194439.133915,23202.0,760.0,3922.0,85.0
1568194439.174445,23243.0,760.0,3922.0,90.0
1568194439.2167068,23285.0,760.0,3922.0,88.0
1568194439.256974,23325.0,760.0,3922.0,87.0
1568194439.2973971,23366.0,760.0,3922.0,91.0
1568194439.3383873,23407.0,759.0,3922.0,90.0
1568194439.3785605,23447.0,760.0,3922.0,87.0
1568194439.42047,23489.0,760.0,3923.0,90.0
1568194439.4606354,23530.0,760.0,3923.0,87.0
1568194439.50152,23570.0,760.0,3923.0,89.0
1568194439.5428927,23611.0,760.0,3923.0,90.0
1568194439.5839558,23652.0,760.0,3923.0,90.0
1568194439.6250958,23694.0,760.0,3923.0,86.0
1568194439.6659656,23734.0,760.0,3923.0,91.0
1568194439.7066965,23775.0,760.0,3923.0,88.0
1568194439.7481964,23816.0,760.0,3923.0,87.0
1568194439.7897823,23858.0,760.0,3923.0,85.0
1568194439.8308706,23899.0,761.0,3923.0,91.0
1568194439.8717992,23940.0,760.0,3923.0,90.0
1568194439.9122448,23981.0,760.0,3923.0,89.0
1568194439.95315,24021.0,760.0,3923.0,89.0
1568194439.9941423,24062.0,760.0,3923.0,86.0
1568194440.0353885,24104.0,760.0,3923.0,90.0
1568194440.0759623,24144.0,760.0,3923.0,88.0
1568194440.1167526,24185.0,760.0,3923.0,90.0
1568194440.1585906,24226.0,760.0,3923.0,88.0
1568194440.198455,24267.0,760.0,3923.0,87.0
1568194440.2404501,24308.0,760.0,3923.0,88.0
1568194440.2811062,24349.0,760.0,3923.0,88.0
1568194440.3219323,24390.0,760.0,3923.0,87.0
1568194440.3621807,24431.0,760.0,3923.0,87.0
1568194440.4026964,24471.0,760.0,3923.0,87.0
1568194440.4438884,24513.0,760.0,3924.0,86.0
1568194440.484396,24553.0,760.0,3924.0,88.0
1568194440.5252166,24594.0,760.0,3924.0,87.0
1568194440.5665033,24635.0,760.0,3924.0,92.0
1568194440.6072335,24676.0,760.0,3924.0,88.0
1568194440.6486506,24717.0,760.0,3924.0,88.0
1568194440.689431,24758.0,760.0,3924.0,88.0
1568194440.7303367,24799.0,760.0,3924.0,89.0
1568194440.7719083,24841.0,760.0,3924.0,86.0
1568194440.8126626,24882.0,760.0,3924.0,88.0
1568194440.854159,24923.0,760.0,3924.0,90.0
1568194440.8947988,24964.0,760.0,3924.0,91.0
1568194440.9355657,25005.0,760.0,3924.0,89.0
1568194440.976438,25045.0,760.0,3924.0,89.0
1568194441.0172205,25086.0,759.0,3924.0,88.0
1568194441.0583882,25127.0,760.0,3924.0,91.0
1568194441.0994794,25168.0,760.0,3924.0,88.0
1568194441.1399224,25209.0,760.0,3924.0,85.0
1568194441.181682,25250.0,760.0,3924.0,90.0
1568194441.222225,25291.0,760.0,3924.0,90.0
1568194441.263986,25333.0,760.0,3924.0,88.0
1568194441.30459,25374.0,760.0,3924.0,87.0
1568194441.345507,25414.0,760.0,3924.0,87.0
1568194441.3861878,25455.0,760.0,3924.0,89.0
1568194441.426449,25496.0,760.0,3925.0,90.0
1568194441.4684262,25537.0,760.0,3925.0,88.0
1568194441.5086722,25578.0,760.0,3925.0,85.0
1568194441.5493877,25618.0,760.0,3925.0,89.0
1568194441.5907898,25660.0,760.0,3925.0,87.0
1568194441.6315281,25701.0,760.0,3925.0,89.0
1568194441.6730924,25742.0,760.0,3925.0,89.0
1568194441.713757,25783.0,760.0,3925.0,88.0
1568194441.7552485,25824.0,760.0,3925.0,88.0
1568194441.7958193,25865.0,760.0,3925.0,85.0
1568194441.83658,25905.0,760.0,3925.0,89.0
1568194441.878249,25947.0,760.0,3925.0,88.0
1568194441.9187527,25988.0,759.0,3925.0,88.0
1568194441.959517,26028.0,760.0,3925.0,89.0
1568194442.0001988,26069.0,760.0,3925.0,90.0
1568194442.0406637,26110.0,760.0,3925.0,91.0
1568194442.0822248,26151.0,760.0,3925.0,90.0
1568194442.1227345,26192.0,760.0,3925.0,87.0
1568194442.163863,26232.0,760.0,3925.0,87.0
1568194442.20564,26274.0,760.0,3925.0,87.0
1568194442.2464287,26315.0,760.0,3925.0,89.0
1568194442.2877896,26357.0,760.0,3925.0,90.0
1568194442.328567,26397.0,760.0,3925.0,93.0
1568194442.369464,26438.0,760.0,3925.0,91.0
1568194442.4097714,26479.0,759.0,3925.0,88.0
1568194442.4503894,26519.0,759.0,3926.0,89.0
1568194442.4918413,26561.0,759.0,3926.0,88.0
1568194442.5325713,26601.0,759.0,3926.0,85.0
1568194442.5733216,26642.0,760.0,3926.0,85.0
1568194442.6147392,26683.0,759.0,3926.0,87.0
1568194442.6554558,26724.0,760.0,3926.0,86.0
1568194442.696948,26766.0,759.0,3926.0,90.0
1568194442.7373333,26806.0,760.0,3926.0,90.0
1568194442.778698,26848.0,760.0,3926.0,88.0
1568194442.820504,26889.0,760.0,3926.0,89.0
1568194442.861218,26930.0,760.0,3926.0,89.0
1568194442.9025745,26971.0,760.0,3926.0,87.0
1568194442.9434686,27012.0,760.0,3926.0,91.0
1568194442.9843645,27053.0,760.0,3926.0,91.0
1568194443.0244987,27094.0,760.0,3926.0,91.0
1568194443.0654562,27134.0,760.0,3926.0,87.0
1568194443.106691,27176.0,760.0,3926.0,88.0
1568194443.1474893,27216.0,760.0,3926.0,84.0
1568194443.1882536,27257.0,760.0,3926.0,87.0
1568194443.2295969,27298.0,760.0,3926.0,87.0
1568194443.270425,27339.0,761.0,3926.0,88.0
1568194443.3117797,27380.0,761.0,3926.0,85.0
1568194443.3522632,27421.0,760.0,3926.0,88.0
1568194443.392915,27462.0,762.0,3926.0,85.0
1568194443.4342933,27503.0,761.0,3927.0,86.0
1568194443.4753249,27544.0,760.0,3927.0,86.0
1568194443.516838,27585.0,760.0,3927.0,87.0
1568194443.5571787,27626.0,760.0,3927.0,85.0
1568194443.5980473,27667.0,760.0,3927.0,90.0
1568194443.6393414,27708.0,760.0,3927.0,85.0
1568194443.680384,27749.0,760.0,3927.0,88.0
1568194443.722079,27790.0,760.0,3927.0,86.0
1568194443.7639122,27832.0,760.0,3927.0,89.0
1568194443.8039722,27873.0,760.0,3927.0,85.0
1568194443.845188,27913.0,760.0,3927.0,84.0
1568194443.8854926,27954.0,760.0,3927.0,87.0
1568194443.9268208,27995.0,760.0,3927.0,87.0
1568194443.9679658,28036.0,759.0,3927.0,87.0
1568194444.008338,28077.0,759.0,3927.0,88.0
1568194444.0487883,28118.0,758.0,3927.0,86.0
1568194444.09001,28158.0,758.0,3927.0,88.0
1568194444.1309612,28200.0,759.0,3927.0,88.0
1568194444.1720452,28240.0,758.0,3927.0,89.0
1568194444.2124243,28281.0,758.0,3927.0,92.0
1568194444.2538872,28322.0,759.0,3927.0,88.0
1568194444.2946181,28363.0,759.0,3927.0,89.0
1568194444.3365037,28404.0,759.0,3927.0,90.0
1568194444.3767095,28445.0,759.0,3927.0,88.0
1568194444.4171085,28486.0,759.0,3927.0,88.0
1568194444.4590266,28527.0,759.0,3928.0,88.0
1568194444.4995801,28568.0,760.0,3928.0,89.0
1568194444.5411048,28609.0,759.0,3928.0,89.0
1568194444.5815623,28650.0,759.0,3928.0,88.0
1568194444.6224723,28691.0,759.0,3928.0,87.0
1568194444.662923,28731.0,760.0,3928.0,87.0
1568194444.7035701,28772.0,760.0,3928.0,88.0
1568194444.7452512,28813.0,760.0,3928.0,89.0
1568194444.786502,28855.0,759.0,3928.0,88.0
1568194444.8269656,28896.0,758.0,3928.0,89.0
1568194444.867967,28936.0,757.0,3928.0,89.0
1568194444.9085555,28977.0,757.0,3928.0,87.0
1568194444.9499085,29018.0,756.0,3928.0,91.0
1568194444.990708,29059.0,754.0,3928.0,88.0
1568194445.0312905,29100.0,752.0,3928.0,89.0
1568194445.0731878,29141.0,746.0,3928.0,89.0
1568194445.1136444,29182.0,737.0,3928.0,93.0
1568194445.1550198,29223.0,725.0,3928.0,86.0
1568194445.1959662,29264.0,709.0,3928.0,83.0
1568194445.2370794,29305.0,691.0,3928.0,92.0
1568194445.2785568,29347.0,685.0,3928.0,102.0
1568194445.3193579,29388.0,682.0,3928.0,107.0
1568194445.3606822,29429.0,682.0,3928.0,99.0
1568194445.4016976,29470.0,681.0,3928.0,102.0
1568194445.4417658,29511.0,680.0,3929.0,96.0
1568194445.4825926,29551.0,680.0,3929.0,99.0
1568194445.5232422,29592.0,680.0,3929.0,97.0
1568194445.5647388,29633.0,694.0,3929.0,97.0
1568194445.6059313,29674.0,712.0,3929.0,96.0
1568194445.646301,29714.0,718.0,3929.0,95.0
1568194445.6872015,29756.0,732.0,3929.0,91.0
1568194445.7288733,29797.0,754.0,3929.0,94.0
1568194445.7700725,29838.0,768.0,3929.0,88.0
1568194445.8110092,29879.0,775.0,3929.0,88.0
1568194445.8511822,29920.0,785.0,3929.0,89.0
1568194445.8919604,29961.0,793.0,3929.0,88.0
1568194445.933184,30001.0,795.0,3929.0,89.0
1568194445.9745462,30043.0,797.0,3929.0,91.0
1568194446.0150065,30084.0,797.0,3929.0,90.0
1568194446.0560412,30124.0,800.0,3929.0,88.0
1568194446.0975058,30166.0,798.0,3929.0,91.0
1568194446.1378005,30206.0,800.0,3929.0,92.0
1568194446.1794553,30248.0,800.0,3929.0,92.0
1568194446.2202935,30288.0,810.0,3929.0,93.0
1568194446.2606988,30329.0,810.0,3929.0,89.0
1568194446.3020928,30370.0,811.0,3929.0,93.0
1568194446.3424373,30411.0,816.0,3929.0,92.0
1568194446.3846579,30453.0,809.0,3929.0,91.0
1568194446.4249144,30493.0,807.0,3930.0,95.0
1568194446.465365,30534.0,805.0,3930.0,97.0
1568194446.5062072,30575.0,802.0,3930.0,95.0
1568194446.5466177,30615.0,795.0,3930.0,99.0
1568194446.5882442,30657.0,785.0,3930.0,100.0
1568194446.6291542,30697.0,762.0,3930.0,107.0
1568194446.670242,30738.0,736.0,3930.0,110.0
1568194446.7113514,30779.0,713.0,3930.0,112.0
1568194446.7518346,30820.0,696.0,3930.0,108.0
1568194446.7942111,30862.0,693.0,3930.0,106.0
1568194446.8345442,30903.0,689.0,3930.0,105.0
1568194446.8753822,30944.0,687.0,3930.0,100.0
1568194446.915911,30984.0,686.0,3930.0,94.0
1568194446.9567342,31025.0,685.0,3930.0,98.0
1568194446.9985163,31066.0,680.0,3930.0,98.0
1568194447.0388224,31107.0,679.0,3930.0,103.0
1568194447.079864,31148.0,677.0,3930.0,109.0
1568194447.1211107,31189.0,675.0,3930.0,96.0
1568194447.1615107,31230.0,676.0,3930.0,91.0
1568194447.202831,31271.0,693.0,3930.0,92.0
1568194447.2436397,31312.0,722.0,3930.0,93.0
1568194447.2847865,31353.0,729.0,3930.0,90.0
1568194447.3256936,31394.0,740.0,3930.0,95.0
1568194447.3666306,31435.0,744.0,3930.0,90.0
1568194447.4078443,31476.0,757.0,3930.0,93.0
1568194447.4482439,31517.0,761.0,3931.0,94.0
1568194447.4895122,31558.0,760.0,3931.0,92.0
1568194447.5304375,31599.0,762.0,3931.0,93.0
1568194447.571446,31640.0,763.0,3931.0,93.0
1568194447.61261,31681.0,762.0,3931.0,94.0
1568194447.6539478,31722.0,763.0,3931.0,92.0
1568194447.694543,31763.0,762.0,3931.0,93.0
1568194447.7355697,31804.0,763.0,3931.0,94.0
1568194447.7771876,31845.0,765.0,3931.0,92.0
1568194447.818798,31887.0,764.0,3931.0,95.0
1568194447.8595757,31928.0,760.0,3931.0,92.0
1568194447.900261,31969.0,758.0,3931.0,91.0
1568194447.9405544,32009.0,759.0,3931.0,95.0
1568194447.981536,32050.0,759.0,3931.0,95.0
1568194448.0227685,32091.0,757.0,3931.0,92.0
1568194448.063674,32132.0,758.0,3931.0,94.0
1568194448.1043377,32173.0,758.0,3931.0,92.0
1568194448.1450233,32213.0,758.0,3931.0,94.0
1568194448.1853325,32254.0,758.0,3931.0,95.0
1568194448.226786,32295.0,756.0,3931.0,95.0
1568194448.2677586,32336.0,762.0,3931.0,93.0
1568194448.30853,32377.0,759.0,3931.0,93.0
1568194448.3505518,32419.0,760.0,3931.0,95.0
1568194448.391087,32460.0,762.0,3931.0,90.0
1568194448.432558,32501.0,762.0,3932.0,93.0
1568194448.4736958,32542.0,763.0,3932.0,90.0
1568194448.5136178,32582.0,763.0,3932.0,93.0
1568194448.5543003,32623.0,766.0,3932.0,95.0
1568194448.5952878,32664.0,763.0,3932.0,95.0
1568194448.6374223,32705.0,763.0,3932.0,93.0
1568194448.6776264,32746.0,765.0,3932.0,94.0
1568194448.7180853,32787.0,766.0,3932.0,93.0
1568194448.759784,32828.0,765.0,3932.0,95.0
1568194448.8015704,32870.0,766.0,3932.0,95.0
1568194448.8426328,32911.0,768.0,3932.0,93.0
1568194448.8835547,32952.0,768.0,3932.0,95.0
1568194448.924101,32993.0,772.0,3932.0,94.0
1568194448.96489,33033.0,770.0,3932.0,92.0
1568194449.005313,33074.0,773.0,3932.0,92.0
1568194449.0472808,33115.0,772.0,3932.0,92.0
1568194449.087408,33156.0,773.0,3932.0,93.0
1568194449.1281438,33197.0,773.0,3932.0,94.0
1568194449.1689582,33237.0,773.0,3932.0,95.0
1568194449.2093363,33278.0,773.0,3932.0,93.0
1568194449.2506628,33319.0,772.0,3932.0,92.0
1568194449.2917626,33360.0,770.0,3932.0,95.0
1568194449.332443,33401.0,770.0,3932.0,95.0
1568194449.3741403,33442.0,772.0,3932.0,94.0
1568194449.4142978,33483.0,773.0,3932.0,94.0
1568194449.4557664,33524.0,772.0,3933.0,92.0
1568194449.4969482,33565.0,771.0,3933.0,93.0
1568194449.5371954,33606.0,776.0,3933.0,93.0
1568194449.578955,33647.0,776.0,3933.0,97.0
1568194449.619489,33688.0,778.0,3933.0,95.0
1568194449.6608334,33729.0,776.0,3933.0,97.0
1568194449.7012842,33770.0,773.0,3933.0,94.0
1568194449.742619,33811.0,769.0,3933.0,96.0
1568194449.7840598,33852.0,760.0,3933.0,93.0
1568194449.8249,33893.0,746.0,3933.0,93.0
1568194449.8665822,33935.0,727.0,3933.0,98.0
1568194449.9074225,33976.0,701.0,3933.0,104.0
1568194449.9480584,34016.0,690.0,3933.0,108.0
1568194449.988442,34057.0,682.0,3933.0,112.0
1568194450.0296602,34098.0,681.0,3933.0,119.0
1568194450.0706942,34139.0,680.0,3933.0,121.0
1568194450.1115544,34180.0,680.0,3933.0,115.0
1568194450.1521413,34220.0,680.0,3933.0,109.0
1568194450.194353,34262.0,680.0,3933.0,117.0
1568194450.2346642,34303.0,668.0,3933.0,129.0
1568194450.276487,34344.0,653.0,3933.0,134.0
1568194450.316846,34385.0,633.0,3933.0,134.0
1568194450.358006,34426.0,604.0,3933.0,142.0
1568194450.3984182,34466.0,572.0,3933.0,149.0
1568194450.43859,34507.0,542.0,3934.0,140.0
1568194450.4804335,34548.0,522.0,3934.0,132.0
1568194450.5213404,34589.0,519.0,3934.0,115.0
1568194450.5615728,34630.0,516.0,3934.0,106.0
1568194450.602985,34671.0,518.0,3934.0,105.0
1568194450.6435783,34712.0,517.0,3934.0,101.0
1568194450.6851215,34753.0,516.0,3934.0,102.0
1568194450.7255988,34794.0,513.0,3934.0,100.0
1568194450.7662013,34835.0,512.0,3934.0,98.0
1568194450.8083172,34876.0,509.0,3934.0,101.0
1568194450.8490868,34917.0,508.0,3934.0,102.0
1568194450.8905942,34959.0,506.0,3934.0,103.0
1568194450.9316278,35000.0,504.0,3934.0,105.0
1568194450.9721372,35040.0,497.0,3934.0,109.0
1568194451.0127988,35081.0,494.0,3934.0,112.0
1568194451.0531874,35122.0,494.0,3934.0,118.0
1568194451.0950978,35163.0,488.0,3934.0,122.0
1568194451.135466,35204.0,487.0,3934.0,120.0
1568194451.1760373,35244.0,485.0,3934.0,115.0
1568194451.2174797,35286.0,484.0,3934.0,115.0
1568194451.258329,35327.0,484.0,3934.0,116.0
1568194451.3000107,35368.0,480.0,3934.0,116.0
1568194451.3409946,35409.0,480.0,3934.0,120.0
1568194451.3814778,35450.0,481.0,3934.0,121.0
1568194451.4230714,35491.0,471.0,3935.0,128.0
1568194451.4640746,35532.0,466.0,3935.0,129.0
1568194451.5051315,35573.0,470.0,3935.0,138.0
1568194451.5463219,35614.0,448.0,3935.0,157.0
1568194451.5864768,35655.0,429.0,3935.0,182.0
1568194451.626982,35695.0,452.0,3935.0,226.0
1568194451.6677425,35736.0,493.0,3935.0,251.0
1568194451.709065,35777.0,504.0,3935.0,223.0
1568194451.7499015,35818.0,506.0,3935.0,185.0
1568194451.7914283,35859.0,502.0,3935.0,158.0
1568194451.8319445,35900.0,499.0,3935.0,135.0
1568194451.873518,35941.0,492.0,3935.0,121.0
1568194451.9153981,35983.0,485.0,3935.0,118.0
1568194451.955921,36024.0,483.0,3935.0,114.0
1568194451.9971316,36065.0,478.0,3935.0,114.0
1568194452.0375395,36106.0,488.0,3935.0,116.0
1568194452.0778208,36146.0,474.0,3935.0,115.0
1568194452.1199784,36188.0,484.0,3935.0,113.0
1568194452.160521,36229.0,493.0,3935.0,114.0
1568194452.2007816,36269.0,497.0,3935.0,119.0
1568194452.2415078,36310.0,502.0,3935.0,126.0
1568194452.2820613,36350.0,501.0,3935.0,131.0
1568194452.3239748,36392.0,494.0,3935.0,140.0
1568194452.3641944,36433.0,493.0,3935.0,154.0
1568194452.40479,36473.0,471.0,3935.0,166.0
1568194452.4466102,36514.0,460.0,3936.0,179.0
1568194452.4871275,36555.0,456.0,3936.0,180.0
1568194452.5283995,36597.0,451.0,3936.0,198.0
1568194452.5690784,36637.0,451.0,3936.0,213.0
1568194452.6103404,36678.0,447.0,3936.0,236.0
1568194452.6502194,36719.0,457.0,3936.0,282.0
1568194452.6911669,36759.0,448.0,3936.0,371.0
1568194452.7327163,36801.0,429.0,3936.0,8191.0
1568194452.7742555,36842.0,420.0,3936.0,-1.0
1568194452.7975364,36883.0,477.0,3936.0,-1.0
1568194452.8207514,36906.0,482.0,3936.0,-1.0
1568194452.8613658,36930.0,488.0,3936.0,8191.0
1568194452.9018376,36970.0,494.0,3936.0,437.0
1568194452.9435766,37012.0,496.0,3936.0,274.0
1568194452.9847848,37053.0,497.0,3936.0,190.0
1568194453.0262508,37094.0,487.0,3936.0,144.0
1568194453.06641,37135.0,477.0,3936.0,129.0
1568194453.1074722,37175.0,468.0,3936.0,114.0
1568194453.149129,37217.0,461.0,3936.0,107.0
1568194453.1895516,37258.0,447.0,3936.0,103.0
1568194453.2308278,37299.0,487.0,3936.0,102.0
1568194453.271374,37340.0,506.0,3936.0,98.0
1568194453.3119168,37380.0,511.0,3936.0,95.0
1568194453.3533247,37422.0,509.0,3936.0,99.0
1568194453.3945959,37463.0,513.0,3936.0,103.0
1568194453.435596,37504.0,513.0,3937.0,104.0
1568194453.4762545,37545.0,494.0,3937.0,114.0
1568194453.516982,37585.0,480.0,3937.0,115.0
1568194453.558388,37627.0,474.0,3937.0,120.0
1568194453.5991557,37667.0,468.0,3937.0,126.0
1568194453.640531,37709.0,466.0,3937.0,132.0
1568194453.6814773,37750.0,462.0,3937.0,140.0
1568194453.721771,37790.0,459.0,3937.0,145.0
1568194453.7633922,37832.0,450.0,3937.0,161.0
1568194453.80523,37873.0,456.0,3937.0,176.0
1568194453.8467855,37914.0,460.0,3937.0,214.0
1568194453.8871915,37955.0,460.0,3937.0,270.0
1568194453.928208,37996.0,433.0,3937.0,350.0
1568194453.969809,38038.0,466.0,3937.0,8191.0
1568194454.010042,38078.0,484.0,3937.0,997.0
1568194454.0513215,38120.0,497.0,3937.0,-1.0
1568194454.0920825,38160.0,501.0,3937.0,372.0
1568194454.1326172,38201.0,502.0,3937.0,236.0
1568194454.1746519,38242.0,497.0,3937.0,176.0
1568194454.2150702,38283.0,489.0,3937.0,144.0
1568194454.256544,38325.0,477.0,3937.0,132.0
1568194454.2973363,38365.0,464.0,3937.0,125.0
1568194454.3380666,38406.0,451.0,3937.0,120.0
1568194454.3791585,38447.0,439.0,3937.0,106.0
1568194454.4201186,38488.0,456.0,3938.0,106.0
1568194454.4623172,38530.0,478.0,3938.0,99.0
1568194454.5022564,38571.0,487.0,3938.0,98.0
1568194454.5432453,38612.0,486.0,3938.0,99.0
1568194454.5848613,38653.0,494.0,3938.0,99.0
1568194454.6255178,38694.0,490.0,3938.0,103.0
1568194454.667091,38735.0,486.0,3938.0,108.0
1568194454.7076514,38776.0,478.0,3938.0,117.0
1568194454.7483456,38817.0,470.0,3938.0,119.0
1568194454.7906466,38858.0,462.0,3938.0,127.0
1568194454.8309333,38899.0,460.0,3938.0,131.0
1568194454.872867,38941.0,459.0,3938.0,140.0
1568194454.9133463,38982.0,462.0,3938.0,148.0
1568194454.9538362,39022.0,457.0,3938.0,162.0
1568194454.9955554,39064.0,450.0,3938.0,185.0
1568194455.0363731,39105.0,456.0,3938.0,223.0
1568194455.0777078,39146.0,446.0,3938.0,303.0
1568194455.118671,39187.0,423.0,3938.0,8191.0
1568194455.1594415,39227.0,394.0,3938.0,8191.0
1568194455.2006354,39269.0,438.0,3938.0,8191.0
1568194455.2413712,39309.0,440.0,3938.0,8191.0
1568194455.282788,39351.0,454.0,3938.0,8191.0
1568194455.3231978,39392.0,466.0,3938.0,356.0
1568194455.3643034,39432.0,471.0,3938.0,211.0
1568194455.4053864,39474.0,469.0,3938.0,144.0
1568194455.4465857,39514.0,456.0,3939.0,122.0
1568194455.4874954,39556.0,435.0,3939.0,113.0
1568194455.5279067,39597.0,410.0,3939.0,99.0
1568194455.5691092,39637.0,417.0,3939.0,97.0
1568194455.6105344,39678.0,464.0,3939.0,103.0
1568194455.650935,39719.0,499.0,3939.0,102.0
1568194455.6930435,39761.0,505.0,3939.0,103.0
1568194455.7334716,39801.0,502.0,3939.0,109.0
1568194455.7736409,39842.0,502.0,3939.0,113.0
1568194455.816216,39884.0,488.0,3939.0,121.0
1568194455.8566105,39925.0,471.0,3939.0,125.0
1568194455.8980598,39966.0,460.0,3939.0,140.0
1568194455.9386678,40007.0,454.0,3939.0,147.0
1568194455.9796093,40048.0,452.0,3939.0,147.0
1568194456.0214047,40089.0,456.0,3939.0,155.0
1568194456.0617073,40130.0,456.0,3939.0,168.0
1568194456.1030881,40171.0,450.0,3939.0,184.0
1568194456.1441739,40212.0,451.0,3939.0,209.0
1568194456.184973,40253.0,444.0,3939.0,299.0
1568194456.2260015,40294.0,429.0,3939.0,425.0
1568194456.266811,40335.0,404.0,3939.0,8191.0
1568194456.3085413,40376.0,439.0,3939.0,8191.0
1568194456.3489382,40417.0,450.0,3939.0,8191.0
1568194456.3895216,40458.0,466.0,3939.0,521.0
1568194456.4312449,40499.0,469.0,3940.0,415.0
1568194456.4716558,40540.0,468.0,3940.0,265.0
1568194456.5135875,40581.0,464.0,3940.0,192.0
1568194456.5540538,40622.0,457.0,3940.0,168.0
1568194456.5946465,40663.0,442.0,3940.0,148.0
1568194456.6359453,40704.0,417.0,3940.0,145.0
1568194456.6766078,40745.0,381.0,3940.0,144.0
1568194456.717901,40786.0,365.0,3940.0,132.0
1568194456.7586594,40827.0,447.0,3940.0,125.0
1568194456.8004646,40868.0,463.0,3940.0,129.0
1568194456.8418458,40910.0,484.0,3940.0,131.0
1568194456.88274,40951.0,483.0,3940.0,138.0
1568194456.9243746,40992.0,487.0,3940.0,142.0
1568194456.964804,41033.0,476.0,3940.0,149.0
1568194457.0053887,41074.0,459.0,3940.0,163.0
1568194457.0469816,41115.0,446.0,3940.0,174.0
1568194457.0879745,41156.0,436.0,3940.0,188.0
1568194457.129089,41197.0,430.0,3940.0,202.0
1568194457.1702769,41238.0,429.0,3940.0,209.0
1568194457.2106476,41279.0,429.0,3940.0,221.0
1568194457.252534,41320.0,436.0,3940.0,232.0
1568194457.293055,41361.0,427.0,3940.0,268.0
1568194457.3345716,41403.0,435.0,3940.0,320.0
1568194457.375482,41443.0,412.0,3940.0,495.0
1568194457.4163816,41484.0,405.0,3940.0,8191.0
1568194457.4573438,41525.0,398.0,3941.0,8191.0
1568194457.4981275,41566.0,442.0,3941.0,-1.0
1568194457.5402184,41608.0,459.0,3941.0,8191.0
1568194457.5813844,41649.0,460.0,3941.0,8191.0
1568194457.6213095,41690.0,459.0,3941.0,-1.0
1568194457.662858,41731.0,458.0,3941.0,277.0
1568194457.7038276,41772.0,452.0,3941.0,204.0
1568194457.7449603,41813.0,441.0,3941.0,168.0
1568194457.7863445,41855.0,427.0,3941.0,144.0
1568194457.827039,41895.0,397.0,3941.0,126.0
1568194457.8682792,41936.0,378.0,3941.0,113.0
1568194457.908575,41977.0,360.0,3941.0,108.0
1568194457.9499693,42018.0,416.0,3941.0,110.0
1568194457.9907808,42059.0,474.0,3941.0,113.0
1568194458.0314424,42100.0,488.0,3941.0,116.0
1568194458.072872,42141.0,495.0,3941.0,128.0
1568194458.1137052,42182.0,476.0,3941.0,143.0
1568194458.1551278,42223.0,454.0,3941.0,155.0
1568194458.1957328,42264.0,434.0,3941.0,161.0
1568194458.2366006,42305.0,417.0,3941.0,172.0
1568194458.2784457,42346.0,413.0,3941.0,185.0
1568194458.3183997,42387.0,422.0,3941.0,194.0
1568194458.360099,42428.0,410.0,3941.0,207.0
1568194458.4009502,42469.0,403.0,3941.0,221.0
1568194458.4414144,42510.0,400.0,3942.0,265.0
1568194458.4828947,42551.0,388.0,3942.0,323.0
1568194458.5237012,42592.0,377.0,3942.0,8191.0
1568194458.5652301,42633.0,374.0,3942.0,8191.0
1568194458.605642,42674.0,355.0,3942.0,8191.0
1568194458.6286776,42714.0,414.0,3942.0,-1.0
1568194458.6704595,42738.0,430.0,3942.0,8191.0
1568194458.7113354,42779.0,432.0,3942.0,8191.0
1568194458.751607,42820.0,430.0,3942.0,495.0
1568194458.7941535,42862.0,437.0,3942.0,310.0
1568194458.8346446,42903.0,436.0,3942.0,214.0
1568194458.8759332,42944.0,427.0,3942.0,165.0
1568194458.9171212,42985.0,412.0,3942.0,135.0
1568194458.9578044,43026.0,385.0,3942.0,120.0
1568194458.9988372,43067.0,350.0,3942.0,110.0
1568194459.0397806,43108.0,340.0,3942.0,110.0
1568194459.0809352,43149.0,415.0,3942.0,110.0
1568194459.1217065,43190.0,469.0,3942.0,112.0
1568194459.162363,43231.0,492.0,3942.0,109.0
1568194459.2037895,43272.0,486.0,3942.0,117.0
1568194459.2446177,43313.0,457.0,3942.0,128.0
1568194459.2864718,43354.0,424.0,3942.0,136.0
1568194459.326526,43395.0,405.0,3942.0,145.0
1568194459.3671193,43436.0,397.0,3942.0,146.0
1568194459.4085631,43477.0,397.0,3942.0,162.0
1568194459.4494083,43518.0,402.0,3943.0,164.0
1568194459.490772,43559.0,397.0,3943.0,171.0
1568194459.5317025,43600.0,402.0,3943.0,202.0
1568194459.5725102,43640.0,389.0,3943.0,229.0
1568194459.613575,43682.0,368.0,3943.0,290.0
1568194459.6546547,43723.0,375.0,3943.0,472.0
1568194459.6958673,43764.0,357.0,3943.0,8191.0
1568194459.7364821,43805.0,367.0,3943.0,-1.0
1568194459.7772775,43845.0,394.0,3943.0,8191.0
1568194459.8193583,43887.0,413.0,3943.0,8191.0
1568194459.8597183,43928.0,416.0,3943.0,488.0
1568194459.9019675,43970.0,423.0,3943.0,313.0
1568194459.9419153,44010.0,418.0,3943.0,208.0
1568194459.982522,44051.0,412.0,3943.0,157.0
1568194460.0232177,44092.0,397.0,3943.0,132.0
1568194460.0639362,44132.0,373.0,3943.0,116.0
1568194460.105527,44174.0,345.0,3943.0,111.0
1568194460.1464784,44214.0,436.0,3943.0,112.0
1568194460.186737,44255.0,438.0,3943.0,116.0
1568194460.2281423,44296.0,465.0,3943.0,118.0
1568194460.269339,44337.0,465.0,3943.0,130.0
1568194460.310005,44378.0,456.0,3943.0,134.0
1568194460.350043,44418.0,437.0,3943.0,148.0
1568194460.3907702,44459.0,412.0,3943.0,160.0
1568194460.4326217,44500.0,401.0,3944.0,166.0
1568194460.4729154,44541.0,388.0,3944.0,183.0
1568194460.5143468,44583.0,386.0,3944.0,192.0
1568194460.5552318,44623.0,387.0,3944.0,209.0
1568194460.5958357,44664.0,387.0,3944.0,216.0
1568194460.6379576,44706.0,381.0,3944.0,251.0
1568194460.6786911,44747.0,384.0,3944.0,317.0
1568194460.720576,44788.0,374.0,3944.0,8191.0
1568194460.7608192,44829.0,360.0,3944.0,8191.0
1568194460.7849145,44870.0,439.0,3944.0,-1.0
1568194460.8259034,44894.0,437.0,3944.0,8191.0
1568194460.8663619,44934.0,440.0,3944.0,8191.0
1568194460.9068508,44975.0,446.0,3944.0,457.0
1568194460.9474611,45016.0,450.0,3944.0,289.0
1568194460.9880562,45056.0,457.0,3944.0,208.0
1568194461.0301845,45098.0,459.0,3944.0,157.0
1568194461.0705435,45139.0,454.0,3944.0,132.0
1568194461.110857,45179.0,422.0,3944.0,126.0
1568194461.1518683,45220.0,398.0,3944.0,124.0
1568194461.1928637,45261.0,379.0,3944.0,118.0
1568194461.2342336,45302.0,417.0,3944.0,113.0
1568194461.274447,45343.0,426.0,3944.0,114.0
1568194461.3149881,45383.0,437.0,3944.0,114.0
1568194461.3559966,45424.0,448.0,3944.0,114.0
1568194461.3966925,45465.0,456.0,3944.0,121.0
1568194461.4385872,45506.0,447.0,3945.0,126.0
1568194461.4788904,45547.0,437.0,3945.0,126.0
1568194461.519337,45588.0,426.0,3945.0,134.0
1568194461.5604546,45628.0,430.0,3945.0,135.0
1568194461.6007717,45669.0,433.0,3945.0,135.0
1568194461.6426466,45710.0,436.0,3945.0,142.0
1568194461.6828754,45751.0,438.0,3945.0,147.0
1568194461.7233548,45792.0,460.0,3945.0,152.0
1568194461.7640407,45832.0,435.0,3945.0,177.0
1568194461.8059254,45874.0,426.0,3945.0,197.0
1568194461.8472183,45915.0,393.0,3945.0,252.0
1568194461.8883529,45956.0,388.0,3945.0,322.0
1568194461.928924,45997.0,366.0,3945.0,8191.0
1568194461.9690323,46038.0,349.0,3945.0,-1.0
1568194461.9921956,46078.0,408.0,3945.0,-1.0
1568194462.0333352,46101.0,423.0,3945.0,8191.0
1568194462.0741575,46142.0,433.0,3945.0,512.0
1568194462.114293,46183.0,441.0,3945.0,324.0
1568194462.155811,46224.0,447.0,3945.0,216.0
1568194462.1966615,46265.0,446.0,3945.0,158.0
1568194462.236941,46305.0,434.0,3945.0,132.0
1568194462.2778401,46346.0,418.0,3945.0,119.0
1568194462.3185976,46387.0,399.0,3945.0,111.0
1568194462.359866,46428.0,378.0,3945.0,106.0
1568194462.4010942,46469.0,417.0,3945.0,100.0
1568194462.4410083,46509.0,441.0,3946.0,103.0
1568194462.4817648,46550.0,464.0,3946.0,103.0
1568194462.522607,46591.0,468.0,3946.0,103.0
1568194462.5641856,46632.0,470.0,3946.0,109.0
1568194462.604672,46673.0,452.0,3946.0,114.0
1568194462.6450777,46713.0,424.0,3946.0,125.0
1568194462.6862667,46754.0,401.0,3946.0,131.0
1568194462.7266648,46795.0,400.0,3946.0,137.0
1568194462.767996,46836.0,390.0,3946.0,145.0
1568194462.8098829,46877.0,388.0,3946.0,152.0
1568194462.8503385,46918.0,388.0,3946.0,156.0
1568194462.8909612,46959.0,392.0,3946.0,164.0
1568194462.9315302,47000.0,382.0,3946.0,186.0
1568194462.9733255,47041.0,382.0,3946.0,231.0
1568194463.0137782,47082.0,382.0,3946.0,308.0
1568194463.054604,47123.0,368.0,3946.0,8191.0
1568194463.0955164,47164.0,352.0,3946.0,-1.0
1568194463.1191642,47205.0,415.0,3946.0,-1.0
1568194463.1425638,47228.0,426.0,3946.0,-1.0
1568194463.16599,47251.0,439.0,3946.0,-1.0
1568194463.2066236,47274.0,441.0,3946.0,8191.0
1568194463.2466364,47315.0,447.0,3946.0,335.0
1568194463.2881222,47356.0,445.0,3946.0,214.0
1568194463.329357,47397.0,441.0,3946.0,165.0
1568194463.3705897,47439.0,437.0,3946.0,138.0
1568194463.411041,47479.0,417.0,3946.0,121.0
1568194463.452113,47520.0,401.0,3947.0,111.0
1568194463.4936097,47561.0,382.0,3947.0,104.0
1568194463.5339854,47602.0,446.0,3947.0,100.0
1568194463.5753055,47644.0,456.0,3947.0,98.0
1568194463.6158319,47684.0,461.0,3947.0,96.0
1568194463.656514,47725.0,466.0,3947.0,97.0
1568194463.6983266,47766.0,477.0,3947.0,99.0
1568194463.738705,47807.0,466.0,3947.0,104.0
1568194463.7806218,47848.0,450.0,3947.0,110.0
1568194463.822293,47890.0,433.0,3947.0,120.0
1568194463.8625667,47931.0,414.0,3947.0,126.0
1568194463.9040344,47972.0,403.0,3947.0,133.0
1568194463.9452167,48013.0,402.0,3947.0,139.0
1568194463.986602,48054.0,408.0,3947.0,149.0
1568194464.026884,48095.0,405.0,3947.0,150.0
1568194464.0676775,48136.0,403.0,3947.0,167.0
1568194464.1095142,48177.0,400.0,3947.0,201.0
1568194464.1493807,48218.0,394.0,3947.0,282.0
1568194464.1912282,48259.0,379.0,3947.0,481.0
1568194464.2320786,48300.0,437.0,3947.0,8191.0
1568194464.272689,48341.0,446.0,3947.0,8191.0
1568194464.3143547,48382.0,450.0,3947.0,369.0
1568194464.3546467,48423.0,450.0,3947.0,291.0
1568194464.3964252,48464.0,445.0,3947.0,217.0
1568194464.4372044,48505.0,429.0,3948.0,187.0
1568194464.477665,48546.0,410.0,3948.0,169.0
1568194464.5189247,48587.0,378.0,3948.0,156.0
1568194464.5599554,48628.0,340.0,3948.0,151.0
1568194464.6010458,48669.0,327.0,3948.0,149.0
1568194464.641449,48710.0,309.0,3948.0,144.0
1568194464.6826448,48751.0,340.0,3948.0,131.0
1568194464.7237532,48792.0,377.0,3948.0,141.0
1568194464.7643456,48833.0,372.0,3948.0,140.0
1568194464.806451,48874.0,364.0,3948.0,145.0
1568194464.84747,48915.0,368.0,3948.0,144.0
1568194464.8879702,48956.0,369.0,3948.0,144.0
1568194464.9297051,48997.0,365.0,3948.0,150.0
1568194464.9701803,49038.0,358.0,3948.0,153.0
1568194465.0115275,49080.0,356.0,3948.0,153.0
1568194465.052257,49121.0,356.0,3948.0,157.0
1568194465.0930545,49161.0,356.0,3948.0,159.0
1568194465.1346133,49202.0,357.0,3948.0,166.0
1568194465.1753845,49243.0,360.0,3948.0,171.0
1568194465.2170956,49285.0,363.0,3948.0,179.0
1568194465.2574272,49326.0,356.0,3948.0,194.0
1568194465.2980738,49366.0,358.0,3948.0,213.0
1568194465.339505,49407.0,354.0,3948.0,241.0
1568194465.3804135,49448.0,357.0,3948.0,310.0
1568194465.4216695,49490.0,348.0,3949.0,8191.0
1568194465.4626667,49530.0,378.0,3949.0,8191.0
1568194465.5032518,49571.0,422.0,3949.0,8191.0
1568194465.5448785,49612.0,429.0,3949.0,8191.0
1568194465.585042,49653.0,429.0,3949.0,446.0
1568194465.6263645,49695.0,427.0,3949.0,309.0
1568194465.6673934,49735.0,426.0,3949.0,225.0
1568194465.7079263,49776.0,420.0,3949.0,169.0
1568194465.7492418,49817.0,406.0,3949.0,151.0
1568194465.7906396,49858.0,393.0,3949.0,135.0
1568194465.832434,49900.0,357.0,3949.0,123.0
1568194465.8731904,49941.0,336.0,3949.0,116.0
1568194465.9140637,49982.0,317.0,3949.0,120.0
1568194465.9558992,50024.0,384.0,3949.0,118.0
1568194465.9965727,50065.0,426.0,3949.0,113.0
1568194466.037948,50106.0,451.0,3949.0,117.0
1568194466.0786386,50147.0,456.0,3949.0,121.0
1568194466.1190417,50187.0,441.0,3949.0,130.0
1568194466.1607883,50229.0,414.0,3949.0,140.0
1568194466.2011864,50269.0,391.0,3949.0,147.0
1568194466.242634,50311.0,378.0,3949.0,162.0
1568194466.2835286,50352.0,387.0,3949.0,165.0
1568194466.3244932,50392.0,379.0,3949.0,174.0
1568194466.3659847,50434.0,381.0,3949.0,183.0
1568194466.4062498,50474.0,382.0,3949.0,192.0
1568194466.4477017,50516.0,376.0,3950.0,220.0
1568194466.488775,50557.0,375.0,3950.0,284.0
1568194466.5288005,50597.0,374.0,3950.0,445.0
1568194466.5705917,50639.0,358.0,3950.0,8191.0
1568194466.5936213,50679.0,358.0,3950.0,-1.0
1568194466.6174788,50703.0,416.0,3950.0,-1.0
1568194466.6419673,50727.0,422.0,3950.0,-1.0
1568194466.6645539,50751.0,433.0,3950.0,-1.0
1568194466.7058082,50774.0,430.0,3950.0,8191.0
1568194466.7473786,50815.0,433.0,3950.0,420.0
1568194466.7879033,50856.0,434.0,3950.0,292.0
1568194466.8297303,50897.0,437.0,3950.0,191.0
1568194466.8710532,50939.0,429.0,3950.0,148.0
1568194466.9118295,50980.0,423.0,3950.0,128.0
1568194466.9537904,51022.0,402.0,3950.0,116.0
1568194466.9943635,51063.0,365.0,3950.0,105.0
1568194467.0351624,51103.0,394.0,3950.0,108.0
1568194467.0764258,51145.0,432.0,3950.0,110.0
1568194467.117132,51185.0,477.0,3950.0,105.0
1568194467.1586423,51227.0,465.0,3950.0,111.0
1568194467.1993308,51268.0,470.0,3950.0,120.0
1568194467.2397118,51308.0,451.0,3950.0,126.0
1568194467.2815435,51349.0,433.0,3950.0,133.0
1568194467.3224177,51390.0,430.0,3950.0,139.0
1568194467.3636963,51432.0,402.0,3950.0,146.0
1568194467.404035,51472.0,424.0,3950.0,150.0
1568194467.4452624,51513.0,425.0,3951.0,155.0
1568194467.4866545,51554.0,429.0,3951.0,162.0
1568194467.5271327,51595.0,437.0,3951.0,180.0
1568194467.5683017,51637.0,415.0,3951.0,208.0
1568194467.6091254,51677.0,396.0,3951.0,275.0
1568194467.6499486,51718.0,370.0,3951.0,504.0
1568194467.691634,51759.0,354.0,3951.0,650.0
1568194467.7324347,51800.0,369.0,3951.0,8191.0
1568194467.7734046,51842.0,437.0,3951.0,785.0
1568194467.8148437,51883.0,441.0,3951.0,833.0
1568194467.855842,51924.0,446.0,3951.0,656.0
1568194467.8973114,51965.0,452.0,3951.0,341.0
1568194467.9382637,52006.0,449.0,3951.0,225.0
1568194467.9798663,52048.0,448.0,3951.0,154.0
1568194468.019917,52088.0,439.0,3951.0,132.0
1568194468.0607595,52129.0,421.0,3951.0,118.0
1568194468.1026073,52170.0,401.0,3951.0,112.0
1568194468.1428583,52211.0,378.0,3951.0,103.0
1568194468.1842215,52252.0,441.0,3951.0,106.0
1568194468.2250338,52293.0,468.0,3951.0,104.0
1568194468.2658255,52334.0,488.0,3951.0,105.0
1568194468.307141,52375.0,486.0,3951.0,108.0
1568194468.3482823,52416.0,483.0,3951.0,110.0
1568194468.3893867,52457.0,460.0,3951.0,118.0
1568194468.4297922,52498.0,440.0,3952.0,123.0
1568194468.4704683,52539.0,427.0,3952.0,128.0
1568194468.5119731,52580.0,426.0,3952.0,134.0
1568194468.5531316,52621.0,416.0,3952.0,139.0
1568194468.5944812,52662.0,448.0,3952.0,149.0
1568194468.6347673,52703.0,436.0,3952.0,162.0
1568194468.6756134,52744.0,415.0,3952.0,182.0
1568194468.71746,52785.0,393.0,3952.0,219.0
1568194468.7577012,52826.0,384.0,3952.0,300.0
1568194468.7997532,52868.0,373.0,3952.0,8191.0
1568194468.8405569,52909.0,354.0,3952.0,-1.0
1568194468.880991,52949.0,428.0,3952.0,-1.0
1568194468.905081,52991.0,433.0,3952.0,-1.0
1568194468.9289138,53014.0,433.0,3952.0,-1.0
1568194468.9695914,53037.0,436.0,3952.0,8191.0
1568194469.0106015,53079.0,434.0,3952.0,346.0
1568194469.0513926,53120.0,430.0,3952.0,225.0
1568194469.0921202,53160.0,428.0,3952.0,169.0
1568194469.1340199,53202.0,416.0,3952.0,141.0
1568194469.174488,53242.0,404.0,3952.0,126.0
1568194469.2157593,53284.0,380.0,3952.0,123.0
1568194469.2563837,53325.0,365.0,3952.0,117.0
1568194469.297384,53365.0,382.0,3952.0,109.0
1568194469.338588,53407.0,437.0,3952.0,109.0
1568194469.3795755,53447.0,452.0,3952.0,115.0
1568194469.4212575,53489.0,460.0,3953.0,121.0
1568194469.4614782,53530.0,446.0,3953.0,130.0
1568194469.5020308,53570.0,412.0,3953.0,133.0
1568194469.543564,53611.0,379.0,3953.0,137.0
1568194469.5844178,53652.0,376.0,3953.0,145.0
1568194469.6247876,53693.0,375.0,3953.0,145.0
1568194469.6657076,53734.0,384.0,3953.0,147.0
1568194469.7064772,53774.0,392.0,3953.0,148.0
1568194469.74801,53816.0,394.0,3953.0,144.0
1568194469.7892494,53857.0,394.0,3953.0,149.0
1568194469.8308513,53899.0,397.0,3953.0,155.0
1568194469.8719711,53940.0,397.0,3953.0,160.0
1568194469.9123054,53981.0,401.0,3953.0,177.0
1568194469.9543304,54022.0,386.0,3953.0,211.0
1568194469.995054,54063.0,367.0,3953.0,352.0
1568194470.0367844,54104.0,349.0,3953.0,500.0
1568194470.0770133,54145.0,365.0,3953.0,469.0
1568194470.1173751,54186.0,413.0,3953.0,351.0
1568194470.159466,54227.0,415.0,3953.0,201.0
1568194470.1998658,54268.0,417.0,3953.0,468.0
1568194470.2410703,54309.0,422.0,3953.0,286.0
1568194470.281854,54350.0,427.0,3953.0,205.0
1568194470.322645,54391.0,424.0,3953.0,163.0
1568194470.3639252,54432.0,412.0,3953.0,138.0
1568194470.4047554,54473.0,396.0,3953.0,122.0
1568194470.4465854,54514.0,368.0,3954.0,113.0
1568194470.4868534,54555.0,408.0,3954.0,109.0
1568194470.527168,54596.0,421.0,3954.0,103.0
1568194470.5694587,54637.0,457.0,3954.0,105.0
1568194470.6093729,54678.0,457.0,3954.0,102.0
1568194470.6511672,54719.0,464.0,3954.0,109.0
1568194470.6919985,54760.0,446.0,3954.0,119.0
1568194470.7325299,54801.0,421.0,3954.0,121.0
1568194470.7740655,54842.0,396.0,3954.0,131.0
1568194470.8151917,54883.0,381.0,3954.0,140.0
1568194470.8568423,54925.0,378.0,3954.0,140.0
1568194470.8975785,54966.0,384.0,3954.0,139.0
1568194470.938276,55006.0,385.0,3954.0,146.0
1568194470.979763,55048.0,403.0,3954.0,154.0
1568194471.02053,55089.0,405.0,3954.0,161.0
1568194471.0620658,55130.0,413.0,3954.0,183.0
1568194471.1027646,55171.0,391.0,3954.0,228.0
1568194471.143303,55211.0,394.0,3954.0,334.0
1568194471.1849387,55253.0,365.0,3954.0,8191.0
1568194471.2261622,55294.0,348.0,3954.0,8191.0
1568194471.2671013,55335.0,388.0,3954.0,8191.0
1568194471.3078146,55376.0,415.0,3954.0,8191.0
1568194471.348173,55416.0,424.0,3954.0,-1.0
1568194471.3900712,55458.0,426.0,3954.0,286.0
1568194471.4307184,55499.0,424.0,3955.0,199.0
1568194471.4729066,55540.0,415.0,3955.0,154.0
1568194471.513323,55581.0,406.0,3955.0,132.0
1568194471.5535216,55622.0,392.0,3955.0,119.0
1568194471.59494,55663.0,378.0,3955.0,114.0
1568194471.636207,55704.0,367.0,3955.0,113.0
1568194471.677993,55746.0,396.0,3955.0,114.0
1568194471.718213,55786.0,417.0,3955.0,117.0
1568194471.7590482,55827.0,426.0,3955.0,113.0
1568194471.7995667,55868.0,422.0,3955.0,116.0
1568194471.8409042,55909.0,428.0,3955.0,118.0
1568194471.8826206,55951.0,410.0,3955.0,123.0
1568194471.923329,55991.0,396.0,3955.0,127.0
1568194471.9640837,56032.0,381.0,3955.0,133.0
1568194472.0047936,56073.0,376.0,3955.0,137.0
1568194472.0451689,56113.0,382.0,3955.0,139.0
1568194472.086647,56155.0,376.0,3955.0,141.0
1568194472.1275883,56196.0,396.0,3955.0,149.0
1568194472.168069,56236.0,405.0,3955.0,154.0
1568194472.2096038,56278.0,414.0,3955.0,158.0
1568194472.2502434,56318.0,428.0,3955.0,177.0
1568194472.292113,56360.0,389.0,3955.0,217.0
1568194472.332379,56401.0,373.0,3955.0,298.0
1568194472.3731704,56441.0,354.0,3955.0,429.0
1568194472.4146237,56482.0,346.0,3955.0,-1.0
1568194472.4553595,56523.0,378.0,3956.0,1277.0
1568194472.4972477,56565.0,408.0,3956.0,953.0
1568194472.5376341,56605.0,415.0,3956.0,432.0
1568194472.5779774,56646.0,424.0,3956.0,256.0
1568194472.6193137,56687.0,428.0,3956.0,175.0
1568194472.6601272,56728.0,422.0,3956.0,139.0
1568194472.7015388,56770.0,408.0,3956.0,128.0
1568194472.7421618,56810.0,394.0,3956.0,118.0
1568194472.7831738,56851.0,369.0,3956.0,110.0
1568194472.8250673,56893.0,405.0,3956.0,111.0
1568194472.866347,56934.0,426.0,3956.0,107.0
1568194472.907243,56975.0,437.0,3956.0,102.0
1568194472.9479384,57016.0,440.0,3956.0,109.0
1568194472.9891863,57057.0,438.0,3956.0,109.0
1568194473.0299215,57098.0,417.0,3956.0,118.0
1568194473.0699027,57138.0,391.0,3956.0,122.0
1568194473.1115644,57179.0,381.0,3956.0,129.0
1568194473.1524978,57220.0,380.0,3956.0,135.0
1568194473.193005,57261.0,382.0,3956.0,137.0
1568194473.233172,57302.0,393.0,3956.0,145.0
1568194473.2743979,57342.0,412.0,3956.0,146.0
1568194473.3153284,57383.0,405.0,3956.0,162.0
1568194473.3560448,57424.0,414.0,3956.0,188.0
1568194473.396894,57465.0,403.0,3956.0,222.0
1568194473.4390805,57507.0,417.0,3957.0,321.0
1568194473.479712,57548.0,360.0,3957.0,8191.0
1568194473.5211592,57589.0,351.0,3957.0,8191.0
1568194473.5623558,57630.0,414.0,3957.0,8191.0
1568194473.6025982,57671.0,415.0,3957.0,8191.0
1568194473.6442716,57712.0,430.0,3957.0,443.0
1568194473.6847596,57753.0,433.0,3957.0,282.0
1568194473.7262914,57794.0,440.0,3957.0,181.0
1568194473.7670527,57835.0,433.0,3957.0,140.0
1568194473.8084655,57876.0,422.0,3957.0,126.0
1568194473.8486838,57917.0,404.0,3957.0,120.0
1568194473.8893971,57958.0,343.0,3957.0,108.0
1568194473.931231,57999.0,402.0,3957.0,110.0
1568194473.9719493,58040.0,399.0,3957.0,111.0
1568194474.0127645,58081.0,408.0,3957.0,111.0
1568194474.0535667,58121.0,402.0,3957.0,117.0
1568194474.0938413,58162.0,403.0,3957.0,121.0
1568194474.1352372,58203.0,382.0,3957.0,126.0
1568194474.176377,58244.0,363.0,3957.0,140.0
1568194474.216325,58285.0,356.0,3957.0,141.0
1568194474.2575085,58325.0,361.0,3957.0,147.0
1568194474.297941,58366.0,373.0,3957.0,155.0
1568194474.339331,58407.0,382.0,3957.0,162.0
1568194474.3800426,58448.0,389.0,3957.0,173.0
1568194474.4204288,58489.0,396.0,3958.0,191.0
1568194474.462258,58530.0,392.0,3958.0,212.0
1568194474.5026994,58571.0,387.0,3958.0,257.0
1568194474.5440524,58612.0,382.0,3958.0,420.0
1568194474.5851219,58653.0,345.0,3958.0,8191.0
1568194474.6078224,58694.0,368.0,3958.0,-1.0
1568194474.6498003,58718.0,408.0,3958.0,-1.0
1568194474.6906712,58758.0,416.0,3958.0,8191.0
1568194474.7308042,58799.0,413.0,3958.0,610.0
1568194474.7717588,58840.0,416.0,3958.0,332.0
1568194474.8129165,58881.0,421.0,3958.0,212.0
1568194474.8549774,58923.0,416.0,3958.0,158.0
1568194474.895758,58964.0,411.0,3958.0,141.0
1568194474.9368691,59005.0,402.0,3958.0,124.0
1568194474.9780457,59046.0,363.0,3958.0,119.0
1568194475.0183709,59086.0,331.0,3958.0,110.0
1568194475.0591762,59127.0,384.0,3958.0,111.0
1568194475.099861,59168.0,414.0,3958.0,106.0
1568194475.1403813,59208.0,436.0,3958.0,106.0
1568194475.180633,59249.0,440.0,3958.0,110.0
1568194475.2218208,59290.0,446.0,3958.0,114.0
1568194475.2629035,59331.0,418.0,3958.0,122.0
1568194475.3035011,59372.0,387.0,3958.0,127.0
1568194475.3442485,59412.0,379.0,3958.0,138.0
1568194475.3851788,59453.0,376.0,3958.0,140.0
1568194475.4253848,59494.0,373.0,3959.0,150.0
1568194475.46686,59535.0,392.0,3959.0,154.0
1568194475.5078428,59576.0,404.0,3959.0,161.0
1568194475.5483322,59616.0,426.0,3959.0,187.0
1568194475.588728,59657.0,435.0,3959.0,199.0
1568194475.630014,59698.0,416.0,3959.0,254.0
1568194475.6710954,59739.0,413.0,3959.0,407.0
1568194475.711672,59780.0,356.0,3959.0,8191.0
1568194475.7526054,59820.0,376.0,3959.0,8191.0
1568194475.7945998,59862.0,412.0,3959.0,8191.0
1568194475.8355293,59903.0,415.0,3959.0,8191.0
1568194475.8776407,59945.0,424.0,3959.0,439.0
1568194475.9185462,59986.0,430.0,3959.0,272.0
1568194475.9592412,60027.0,436.0,3959.0,184.0
1568194475.9996784,60068.0,423.0,3959.0,151.0
1568194476.0406528,60108.0,410.0,3959.0,137.0
1568194476.0816958,60150.0,393.0,3959.0,127.0
1568194476.122644,60191.0,387.0,3959.0,118.0
1568194476.1631603,60231.0,468.0,3959.0,114.0
1568194476.2036219,60272.0,458.0,3959.0,115.0
1568194476.2443426,60312.0,453.0,3959.0,111.0
1568194476.2858853,60354.0,450.0,3959.0,116.0
1568194476.3264282,60395.0,457.0,3959.0,124.0
1568194476.367469,60435.0,446.0,3959.0,128.0
1568194476.408021,60476.0,429.0,3959.0,145.0
1568194476.4484782,60516.0,405.0,3960.0,155.0
1568194476.4902334,60558.0,412.0,3960.0,165.0
1568194476.530617,60599.0,382.0,3960.0,180.0
1568194476.5715654,60639.0,380.0,3960.0,188.0
1568194476.6132233,60681.0,367.0,3960.0,205.0
1568194476.6531196,60721.0,348.0,3960.0,237.0
1568194476.6948485,60763.0,348.0,3960.0,285.0
1568194476.7354097,60803.0,361.0,3960.0,424.0
1568194476.7763484,60844.0,366.0,3960.0,8191.0
1568194476.8185678,60886.0,362.0,3960.0,8191.0
1568194476.8590965,60927.0,456.0,3960.0,8191.0
1568194476.9005425,60968.0,459.0,3960.0,8191.0
1568194476.940869,61009.0,459.0,3960.0,520.0
1568194476.9816496,61050.0,460.0,3960.0,368.0
1568194477.0225856,61091.0,452.0,3960.0,237.0
1568194477.0634458,61131.0,440.0,3960.0,179.0
1568194477.104681,61173.0,441.0,3960.0,148.0
1568194477.1454618,61213.0,423.0,3960.0,139.0
1568194477.1857631,61254.0,403.0,3960.0,132.0
1568194477.2273426,61295.0,360.0,3960.0,126.0
1568194477.2683752,61336.0,310.0,3960.0,114.0
1568194477.3096716,61377.0,320.0,3960.0,104.0
1568194477.350149,61418.0,350.0,3960.0,100.0
1568194477.3906262,61459.0,367.0,3960.0,99.0
1568194477.432706,61500.0,388.0,3961.0,109.0
1568194477.4730182,61541.0,376.0,3961.0,115.0
1568194477.51442,61582.0,367.0,3961.0,121.0
1568194477.5551944,61623.0,358.0,3961.0,131.0
1568194477.59591,61664.0,357.0,3961.0,138.0
1568194477.6364348,61704.0,355.0,3961.0,148.0
1568194477.6775768,61745.0,356.0,3961.0,153.0
1568194477.718515,61786.0,357.0,3961.0,155.0
1568194477.7592528,61827.0,355.0,3961.0,163.0
1568194477.799961,61868.0,353.0,3961.0,175.0
1568194477.841747,61910.0,348.0,3961.0,191.0
1568194477.8824863,61951.0,340.0,3961.0,212.0
1568194477.9242291,61992.0,334.0,3961.0,263.0
1568194477.9650514,62033.0,337.0,3961.0,374.0
1568194478.0058067,62074.0,329.0,3961.0,8191.0
1568194478.028507,62114.0,343.0,3961.0,-1.0
1568194478.07005,62137.0,459.0,3961.0,8191.0
1568194478.1105452,62178.0,454.0,3961.0,8191.0
1568194478.151201,62219.0,447.0,3961.0,464.0
1568194478.1921072,62260.0,434.0,3961.0,-1.0
1568194478.2335083,62301.0,417.0,3961.0,232.0
1568194478.274004,62342.0,406.0,3961.0,205.0
1568194478.314763,62383.0,394.0,3961.0,189.0
1568194478.3557448,62423.0,375.0,3961.0,166.0
1568194478.3959286,62464.0,338.0,3961.0,162.0
1568194478.4377444,62505.0,317.0,3962.0,150.0
1568194478.4784703,62546.0,306.0,3962.0,139.0
1568194478.5186913,62587.0,306.0,3962.0,129.0
1568194478.5595598,62627.0,306.0,3962.0,131.0
1568194478.6002023,62668.0,297.0,3962.0,128.0
1568194478.6417663,62709.0,302.0,3962.0,131.0
1568194478.6821713,62750.0,332.0,3962.0,134.0
1568194478.7228253,62791.0,326.0,3962.0,141.0
1568194478.7637744,62832.0,322.0,3962.0,143.0
1568194478.803923,62872.0,320.0,3962.0,147.0
1568194478.8465073,62914.0,320.0,3962.0,156.0
1568194478.8868368,62955.0,319.0,3962.0,168.0
1568194478.927841,62996.0,318.0,3962.0,172.0
1568194478.9694128,63037.0,317.0,3962.0,186.0
1568194479.010126,63078.0,310.0,3962.0,204.0
1568194479.051571,63119.0,308.0,3962.0,222.0
1568194479.092572,63160.0,308.0,3962.0,273.0
1568194479.133051,63201.0,308.0,3962.0,360.0
1568194479.1733475,63241.0,309.0,3962.0,8191.0
1568194479.2145422,63282.0,313.0,3962.0,8191.0
1568194479.2555263,63323.0,361.0,3962.0,8191.0
1568194479.2965987,63364.0,369.0,3962.0,8191.0
1568194479.3371162,63405.0,368.0,3962.0,515.0
1568194479.3775349,63445.0,378.0,3962.0,321.0
1568194479.4179964,63486.0,388.0,3962.0,222.0
1568194479.4597669,63527.0,374.0,3963.0,160.0
1568194479.4999158,63568.0,353.0,3963.0,135.0
1568194479.5406542,63609.0,330.0,3963.0,114.0
1568194479.5825784,63650.0,313.0,3963.0,111.0
1568194479.6229916,63691.0,401.0,3963.0,111.0
1568194479.6642454,63732.0,441.0,3963.0,108.0
1568194479.7050679,63773.0,445.0,3963.0,112.0
1568194479.7456932,63814.0,448.0,3963.0,127.0
1568194479.787371,63855.0,422.0,3963.0,134.0
1568194479.8287878,63896.0,387.0,3963.0,147.0
1568194479.870457,63938.0,379.0,3963.0,159.0
1568194479.9110537,63979.0,364.0,3963.0,171.0
1568194479.9517775,64020.0,363.0,3963.0,175.0
1568194479.9922001,64060.0,367.0,3963.0,184.0
1568194480.0329657,64101.0,364.0,3963.0,190.0
1568194480.0747554,64142.0,365.0,3963.0,214.0
1568194480.1151116,64183.0,358.0,3963.0,254.0
1568194480.1557565,64224.0,345.0,3963.0,325.0
1568194480.1966603,64265.0,349.0,3963.0,393.0
1568194480.2378473,64305.0,389.0,3963.0,8191.0
1568194480.2784152,64346.0,397.0,3963.0,-1.0
1568194480.31947,64387.0,399.0,3963.0,367.0
1568194480.3602808,64428.0,398.0,3963.0,264.0
1568194480.4014792,64469.0,397.0,3963.0,196.0
1568194480.4421077,64510.0,394.0,3964.0,159.0
1568194480.483836,64551.0,389.0,3964.0,146.0
1568194480.5244048,64592.0,382.0,3964.0,137.0
1568194480.565214,64633.0,367.0,3964.0,127.0
1568194480.6066613,64674.0,360.0,3964.0,124.0
1568194480.646691,64715.0,375.0,3964.0,125.0
1568194480.689028,64756.0,388.0,3964.0,128.0
1568194480.728985,64797.0,389.0,3964.0,124.0
1568194480.7696986,64838.0,394.0,3964.0,127.0
1568194480.811297,64879.0,387.0,3964.0,138.0
1568194480.8529987,64920.0,374.0,3964.0,139.0
1568194480.8945193,64962.0,361.0,3964.0,156.0
1568194480.935292,65003.0,351.0,3964.0,161.0
1568194480.9761953,65044.0,348.0,3964.0,179.0
1568194481.0165079,65084.0,346.0,3964.0,187.0
1568194481.057438,65125.0,348.0,3964.0,197.0
1568194481.0987396,65166.0,348.0,3964.0,212.0
1568194481.1393929,65207.0,337.0,3964.0,243.0
1568194481.1795123,65248.0,349.0,3964.0,328.0
1568194481.2217655,65289.0,355.0,3964.0,8191.0
1568194481.2624824,65330.0,343.0,3964.0,8191.0
1568194481.303233,65371.0,397.0,3964.0,-1.0
1568194481.3265162,65412.0,396.0,3964.0,-1.0
1568194481.3669028,65435.0,401.0,3964.0,-1.0
1568194481.4095235,65477.0,399.0,3964.0,413.0
1568194481.4500377,65518.0,399.0,3965.0,306.0
1568194481.4914632,65559.0,398.0,3965.0,201.0
1568194481.5319433,65600.0,394.0,3965.0,154.0
1568194481.5731208,65641.0,388.0,3965.0,136.0
1568194481.6140323,65682.0,376.0,3965.0,124.0
1568194481.655075,65723.0,357.0,3965.0,123.0
1568194481.6965444,65764.0,339.0,3965.0,113.0
1568194481.7366037,65805.0,378.0,3965.0,107.0
1568194481.7777572,65846.0,388.0,3965.0,99.0
1568194481.8194823,65887.0,403.0,3965.0,92.0
1568194481.8610008,65929.0,405.0,3965.0,93.0
1568194481.9024706,65970.0,414.0,3965.0,98.0
1568194481.9427018,66011.0,400.0,3965.0,104.0
1568194481.9837914,66052.0,385.0,3965.0,112.0
1568194482.0260575,66094.0,366.0,3965.0,111.0
1568194482.066266,66135.0,366.0,3965.0,127.0
1568194482.108064,66176.0,368.0,3965.0,133.0
1568194482.1484263,66217.0,376.0,3965.0,137.0
1568194482.1893334,66257.0,376.0,3965.0,147.0
1568194482.230679,66299.0,390.0,3965.0,157.0
1568194482.2714016,66340.0,397.0,3965.0,175.0
1568194482.3127544,66381.0,392.0,3965.0,201.0
1568194482.3536081,66422.0,374.0,3965.0,253.0
1568194482.3946626,66462.0,360.0,3965.0,330.0
1568194482.4360754,66504.0,336.0,3966.0,8191.0
1568194482.4764688,66544.0,369.0,3966.0,-1.0
1568194482.5182126,66586.0,379.0,3966.0,8191.0
1568194482.558569,66627.0,386.0,3966.0,-1.0
1568194482.5989835,66667.0,389.0,3966.0,280.0
1568194482.6407864,66709.0,390.0,3966.0,186.0
1568194482.681493,66749.0,388.0,3966.0,139.0
1568194482.723142,66791.0,382.0,3966.0,118.0
1568194482.7639658,66832.0,374.0,3966.0,115.0
1568194482.8041134,66872.0,377.0,3966.0,102.0
1568194482.846647,66914.0,410.0,3966.0,100.0
1568194482.8870282,66955.0,377.0,3966.0,98.0
1568194482.9285154,66996.0,426.0,3966.0,104.0
1568194482.9699013,67037.0,437.0,3966.0,106.0
1568194483.0103364,67078.0,450.0,3966.0,113.0
1568194483.0514522,67119.0,427.0,3966.0,118.0
1568194483.0923684,67160.0,392.0,3966.0,125.0
1568194483.1338305,67201.0,363.0,3966.0,128.0
1568194483.1741695,67242.0,376.0,3966.0,143.0
1568194483.2150285,67283.0,362.0,3966.0,152.0
1568194483.2563953,67324.0,365.0,3966.0,155.0
1568194483.297052,67365.0,382.0,3966.0,165.0
1568194483.338484,67406.0,387.0,3966.0,183.0
1568194483.3791785,67447.0,357.0,3966.0,203.0
1568194483.4195783,67488.0,367.0,3967.0,243.0
1568194483.461403,67529.0,378.0,3967.0,382.0
1568194483.502165,67570.0,353.0,3967.0,8191.0
1568194483.543353,67611.0,384.0,3967.0,-1.0
1568194483.5843983,67652.0,421.0,3967.0,-1.0
1568194483.6257846,67693.0,425.0,3967.0,8191.0
1568194483.6668277,67735.0,430.0,3967.0,372.0
1568194483.707384,67775.0,434.0,3967.0,244.0
1568194483.7485967,67817.0,437.0,3967.0,168.0
1568194483.789328,67858.0,434.0,3967.0,135.0
1568194483.8308222,67899.0,427.0,3967.0,121.0
1568194483.8729594,67940.0,423.0,3967.0,108.0
1568194483.9137006,67981.0,411.0,3967.0,103.0
1568194483.9543037,68022.0,402.0,3967.0,95.0
1568194483.9956489,68064.0,446.0,3967.0,92.0
1568194484.0365684,68104.0,456.0,3967.0,101.0
1568194484.0775793,68145.0,456.0,3967.0,101.0
1568194484.1183398,68186.0,447.0,3967.0,108.0
1568194484.1601088,68228.0,449.0,3967.0,113.0
1568194484.2004905,68268.0,428.0,3967.0,122.0
1568194484.2408743,68309.0,408.0,3967.0,133.0
1568194484.2821248,68350.0,404.0,3967.0,142.0
1568194484.32252,68390.0,402.0,3967.0,147.0
1568194484.3627808,68431.0,378.0,3967.0,156.0
1568194484.4034991,68472.0,378.0,3967.0,164.0
1568194484.4440126,68512.0,381.0,3968.0,168.0
1568194484.486194,68553.0,397.0,3968.0,181.0
1568194484.5260682,68594.0,409.0,3968.0,219.0
1568194484.5681992,68636.0,398.0,3968.0,286.0
1568194484.6083033,68676.0,360.0,3968.0,416.0
1568194484.649352,68717.0,340.0,3968.0,8191.0
1568194484.6730895,68758.0,390.0,3968.0,-1.0
1568194484.7141678,68782.0,399.0,3968.0,8191.0
1568194484.7546718,68822.0,406.0,3968.0,8191.0
1568194484.796063,68864.0,410.0,3968.0,398.0
1568194484.8376915,68905.0,412.0,3968.0,245.0
1568194484.879168,68947.0,406.0,3968.0,166.0
1568194484.9195716,68988.0,405.0,3968.0,127.0
1568194484.9607525,69029.0,402.0,3968.0,117.0
1568194485.002276,69070.0,396.0,3968.0,114.0
1568194485.0428238,69111.0,375.0,3968.0,109.0
1568194485.085016,69153.0,428.0,3968.0,103.0
1568194485.1253335,69193.0,438.0,3968.0,103.0
1568194485.166051,69234.0,448.0,3968.0,100.0
1568194485.2074957,69275.0,448.0,3968.0,100.0
1568194485.2484941,69316.0,456.0,3968.0,104.0
1568194485.2900798,69358.0,440.0,3968.0,115.0
1568194485.3303366,69398.0,427.0,3968.0,117.0
1568194485.3712995,69439.0,401.0,3968.0,124.0
1568194485.41272,69480.0,389.0,3968.0,133.0
1568194485.4530241,69521.0,422.0,3969.0,142.0
1568194485.4947386,69563.0,434.0,3969.0,149.0
1568194485.5352366,69603.0,450.0,3969.0,159.0
1568194485.575885,69644.0,441.0,3969.0,174.0
1568194485.6177864,69685.0,416.0,3969.0,201.0
1568194485.65806,69726.0,401.0,3969.0,276.0
1568194485.6996577,69767.0,348.0,3969.0,-1.0
1568194485.7406228,69808.0,340.0,3969.0,8191.0
1568194485.780932,69849.0,423.0,3969.0,8191.0
1568194485.8225956,69890.0,415.0,3969.0,-1.0
1568194485.8641756,69932.0,427.0,3969.0,8191.0
1568194485.9055505,69973.0,427.0,3969.0,378.0
1568194485.9459648,70014.0,426.0,3969.0,245.0
1568194485.9871168,70055.0,424.0,3969.0,165.0
1568194486.0283964,70096.0,415.0,3969.0,140.0
1568194486.0691671,70137.0,408.0,3969.0,121.0
1568194486.1105363,70178.0,396.0,3969.0,115.0
1568194486.1511223,70219.0,381.0,3969.0,110.0
1568194486.1921144,70260.0,363.0,3969.0,108.0
1568194486.2331355,70301.0,392.0,3969.0,103.0
1568194486.2740188,70342.0,429.0,3969.0,99.0
1568194486.3155558,70383.0,424.0,3969.0,101.0
1568194486.3563812,70424.0,424.0,3969.0,99.0
1568194486.3968415,70465.0,433.0,3969.0,105.0
1568194486.4386318,70506.0,417.0,3970.0,108.0
1568194486.4791574,70547.0,402.0,3970.0,111.0
1568194486.5203702,70588.0,397.0,3970.0,117.0
1568194486.5611875,70629.0,399.0,3970.0,122.0
1568194486.6020806,70670.0,386.0,3970.0,130.0
1568194486.6430976,70711.0,391.0,3970.0,134.0
1568194486.6836946,70752.0,399.0,3970.0,143.0
1568194486.726041,70793.0,392.0,3970.0,160.0
1568194486.7660494,70834.0,388.0,3970.0,182.0
1568194486.8068457,70875.0,389.0,3970.0,233.0
1568194486.8489554,70916.0,368.0,3970.0,365.0
1568194486.889826,70957.0,349.0,3970.0,8191.0
1568194486.9308665,70999.0,386.0,3970.0,-1.0
1568194486.9720461,71040.0,403.0,3970.0,8191.0
1568194487.0126338,71080.0,408.0,3970.0,8191.0
1568194487.0541642,71122.0,408.0,3970.0,8191.0
1568194487.094666,71163.0,405.0,3970.0,304.0
1568194487.1359594,71204.0,406.0,3970.0,209.0
1568194487.1772177,71245.0,402.0,3970.0,162.0
1568194487.21789,71285.0,390.0,3970.0,141.0
1568194487.258847,71327.0,375.0,3970.0,131.0
1568194487.2997785,71368.0,349.0,3970.0,125.0
1568194487.3414538,71409.0,447.0,3970.0,121.0
1568194487.3823373,71450.0,438.0,3970.0,116.0
1568194487.4221268,71490.0,429.0,3971.0,114.0
1568194487.4639006,71532.0,427.0,3971.0,120.0
1568194487.504748,71572.0,435.0,3971.0,121.0
1568194487.5457888,71614.0,415.0,3971.0,132.0
1568194487.5864916,71655.0,420.0,3971.0,143.0
1568194487.627199,71695.0,430.0,3971.0,151.0
1568194487.6689625,71737.0,418.0,3971.0,151.0
1568194487.709791,71778.0,416.0,3971.0,161.0
1568194487.7511241,71819.0,439.0,3971.0,162.0
1568194487.7918427,71860.0,423.0,3971.0,165.0
1568194487.8333366,71901.0,447.0,3971.0,167.0
1568194487.8751185,71943.0,416.0,3971.0,187.0
1568194487.9158306,71984.0,403.0,3971.0,219.0
1568194487.957244,72025.0,384.0,3971.0,286.0
1568194487.998492,72066.0,356.0,3971.0,8191.0
1568194488.0386217,72107.0,346.0,3971.0,8191.0
1568194488.0808008,72148.0,381.0,3971.0,8191.0
1568194488.1217,72189.0,415.0,3971.0,453.0
1568194488.1630678,72231.0,405.0,3971.0,404.0
1568194488.203752,72272.0,411.0,3971.0,252.0
1568194488.2445087,72312.0,408.0,3971.0,168.0
1568194488.2858055,72354.0,405.0,3971.0,142.0
1568194488.3266516,72394.0,402.0,3971.0,128.0
1568194488.3682435,72436.0,388.0,3971.0,119.0
1568194488.4086998,72477.0,365.0,3971.0,108.0
1568194488.4491491,72517.0,432.0,3972.0,97.0
1568194488.490576,72559.0,441.0,3972.0,96.0
1568194488.5313182,72599.0,445.0,3972.0,92.0
1568194488.5727673,72641.0,442.0,3972.0,90.0
1568194488.6131213,72682.0,447.0,3972.0,97.0
1568194488.6542354,72722.0,432.0,3972.0,102.0
1568194488.6960685,72763.0,414.0,3972.0,109.0
1568194488.736837,72804.0,401.0,3972.0,120.0
1568194488.777874,72846.0,402.0,3972.0,122.0
1568194488.8186612,72886.0,429.0,3972.0,134.0
1568194488.860438,72928.0,417.0,3972.0,143.0
1568194488.9013941,72969.0,392.0,3972.0,156.0
1568194488.9425983,73010.0,392.0,3972.0,174.0
1568194488.9839754,73052.0,386.0,3972.0,196.0
1568194489.024617,73093.0,384.0,3972.0,251.0
1568194489.0650465,73133.0,373.0,3972.0,411.0
1568194489.1061513,73174.0,357.0,3972.0,8191.0
1568194489.146593,73214.0,357.0,3972.0,8191.0
1568194489.1883802,73256.0,401.0,3972.0,8191.0
1568194489.2287734,73297.0,412.0,3972.0,8191.0
1568194489.2690823,73337.0,415.0,3972.0,-1.0
1568194489.310987,73379.0,413.0,3972.0,343.0
1568194489.351448,73419.0,416.0,3972.0,220.0
1568194489.3935158,73461.0,423.0,3972.0,162.0
1568194489.433428,73502.0,416.0,3973.0,137.0
1568194489.4746494,73542.0,408.0,3973.0,122.0
1568194489.5158393,73583.0,400.0,3973.0,117.0
1568194489.5563788,73624.0,367.0,3973.0,102.0
1568194489.5981197,73666.0,412.0,3973.0,100.0
1568194489.6386554,73706.0,442.0,3973.0,100.0
1568194489.6789346,73747.0,434.0,3973.0,100.0
1568194489.719685,73788.0,433.0,3973.0,102.0
1568194489.760742,73828.0,444.0,3973.0,111.0
1568194489.8018293,73870.0,434.0,3973.0,116.0
1568194489.8432426,73911.0,414.0,3973.0,123.0
1568194489.8839376,73952.0,450.0,3973.0,130.0
1568194489.9247825,73993.0,411.0,3973.0,139.0
1568194489.9659054,74033.0,426.0,3973.0,139.0
1568194490.0071,74075.0,389.0,3973.0,150.0
1568194490.0476344,74116.0,386.0,3973.0,159.0
1568194490.08878,74156.0,389.0,3973.0,176.0
1568194490.1298416,74198.0,384.0,3973.0,199.0
1568194490.170507,74238.0,379.0,3973.0,245.0
1568194490.2122755,74280.0,360.0,3973.0,405.0
1568194490.2532094,74320.0,350.0,3973.0,8191.0
1568194490.2937407,74361.0,349.0,3973.0,8191.0
1568194490.3348172,74402.0,399.0,3973.0,8191.0
1568194490.37586,74443.0,403.0,3973.0,8191.0
1568194490.4166327,74485.0,406.0,3973.0,568.0
1568194490.4573836,74526.0,405.0,3974.0,340.0
1568194490.4985747,74566.0,408.0,3974.0,207.0
1568194490.5395129,74607.0,405.0,3974.0,160.0
1568194490.580786,74648.0,399.0,3974.0,132.0
1568194490.6216714,74690.0,388.0,3974.0,120.0
1568194490.6626108,74730.0,374.0,3974.0,109.0
1568194490.702845,74771.0,415.0,3974.0,100.0
1568194490.7450833,74812.0,429.0,3974.0,102.0
1568194490.7855027,74853.0,436.0,3974.0,101.0
1568194490.826776,74894.0,436.0,3974.0,103.0
1568194490.8685622,74936.0,442.0,3974.0,112.0
1568194490.9091544,74977.0,433.0,3974.0,119.0
1568194490.9493573,75017.0,414.0,3974.0,122.0
1568194490.9905672,75058.0,393.0,3974.0,130.0
1568194491.0317793,75099.0,382.0,3974.0,133.0
1568194491.072429,75140.0,386.0,3974.0,136.0
1568194491.113446,75181.0,384.0,3974.0,138.0
1568194491.1544156,75222.0,388.0,3974.0,144.0
1568194491.1953156,75263.0,396.0,3974.0,153.0
1568194491.2370834,75305.0,402.0,3974.0,171.0
1568194491.2778153,75345.0,385.0,3974.0,201.0
1568194491.318458,75386.0,375.0,3974.0,288.0
1568194491.3587952,75427.0,357.0,3974.0,437.0
1568194491.3998353,75467.0,350.0,3974.0,8191.0
1568194491.4415436,75509.0,401.0,3975.0,8191.0
1568194491.4825282,75550.0,405.0,3975.0,8191.0
1568194491.5226784,75590.0,408.0,3975.0,453.0
1568194491.5631695,75631.0,413.0,3975.0,279.0
1568194491.6035383,75672.0,413.0,3975.0,188.0
1568194491.6454086,75713.0,410.0,3975.0,140.0
1568194491.6861446,75754.0,401.0,3975.0,121.0
1568194491.726644,75795.0,394.0,3975.0,110.0
1568194491.7686882,75836.0,379.0,3975.0,102.0
1568194491.8086703,75877.0,432.0,3975.0,108.0
1568194491.8508081,75918.0,427.0,3975.0,105.0
1568194491.8917432,75960.0,442.0,3975.0,103.0
1568194491.93246,76000.0,437.0,3975.0,107.0
1568194491.9729698,76041.0,441.0,3975.0,105.0
1568194492.0135696,76081.0,430.0,3975.0,111.0
1568194492.055357,76123.0,405.0,3975.0,116.0
1568194492.0958843,76164.0,391.0,3975.0,118.0
1568194492.136738,76204.0,377.0,3975.0,125.0
1568194492.1781528,76246.0,378.0,3975.0,124.0
1568194492.218799,76287.0,377.0,3975.0,126.0
1568194492.260589,76328.0,394.0,3975.0,131.0
1568194492.301441,76369.0,394.0,3975.0,141.0
1568194492.342162,76410.0,397.0,3975.0,150.0
1568194492.3833768,76451.0,414.0,3975.0,162.0
1568194492.4241626,76492.0,422.0,3976.0,182.0
1568194492.466424,76534.0,406.0,3976.0,208.0
1568194492.5063665,76575.0,415.0,3976.0,256.0
1568194492.5471392,76615.0,438.0,3976.0,314.0
1568194492.5879352,76656.0,456.0,3976.0,309.0
1568194492.6283886,76696.0,458.0,3976.0,252.0
1568194492.670088,76738.0,456.0,3976.0,189.0
1568194492.7106843,76779.0,450.0,3976.0,146.0
1568194492.751429,76819.0,442.0,3976.0,131.0
1568194492.7919557,76860.0,440.0,3976.0,128.0
1568194492.8330474,76900.0,430.0,3976.0,126.0
1568194492.8744009,76942.0,421.0,3976.0,117.0
1568194492.9154418,76983.0,452.0,3976.0,115.0
1568194492.955916,77024.0,426.0,3976.0,117.0
1568194492.9977825,77065.0,422.0,3976.0,114.0
1568194493.0380564,77106.0,414.0,3976.0,113.0
1568194493.080183,77148.0,415.0,3976.0,117.0
1568194493.1202366,77188.0,428.0,3976.0,123.0
1568194493.1610246,77229.0,434.0,3976.0,129.0
1568194493.2017992,77270.0,414.0,3976.0,138.0
1568194493.2420769,77310.0,385.0,3976.0,144.0
1568194493.283888,77352.0,388.0,3976.0,155.0
1568194493.324634,77392.0,390.0,3976.0,158.0
1568194493.3650346,77433.0,397.0,3976.0,162.0
1568194493.4064884,77474.0,412.0,3976.0,169.0
1568194493.4473648,77515.0,405.0,3977.0,178.0
1568194493.488601,77556.0,405.0,3977.0,212.0
1568194493.529868,77597.0,412.0,3977.0,278.0
1568194493.5701382,77638.0,377.0,3977.0,397.0
1568194493.6118464,77679.0,353.0,3977.0,8191.0
1568194493.6346385,77720.0,388.0,3977.0,-1.0
1568194493.6756914,77743.0,406.0,3977.0,8191.0
1568194493.6986372,77784.0,404.0,3977.0,-1.0
1568194493.739391,77807.0,405.0,3977.0,508.0
1568194493.7805874,77849.0,414.0,3977.0,377.0
1568194493.821321,77889.0,412.0,3977.0,212.0
1568194493.8632078,77931.0,413.0,3977.0,153.0
1568194493.904936,77972.0,413.0,3977.0,131.0
1568194493.945356,78013.0,406.0,3977.0,119.0
1568194493.9866266,78054.0,403.0,3977.0,112.0
1568194494.0273492,78095.0,388.0,3977.0,105.0
1568194494.0685604,78136.0,437.0,3977.0,104.0
1568194494.1096554,78177.0,454.0,3977.0,100.0
1568194494.1503198,78218.0,458.0,3977.0,102.0
1568194494.192401,78260.0,457.0,3977.0,106.0
1568194494.2327685,78301.0,454.0,3977.0,110.0
1568194494.2742229,78341.0,441.0,3977.0,117.0
1568194494.3151436,78383.0,416.0,3977.0,130.0
1568194494.3557165,78424.0,411.0,3977.0,136.0
1568194494.397454,78465.0,402.0,3977.0,142.0
1568194494.437973,78506.0,393.0,3978.0,155.0
1568194494.4786427,78547.0,396.0,3978.0,164.0
1568194494.520051,78588.0,396.0,3978.0,174.0
1568194494.560774,78629.0,396.0,3978.0,201.0
1568194494.6026309,78670.0,379.0,3978.0,252.0
1568194494.6429837,78711.0,366.0,3978.0,406.0
1568194494.6837,78751.0,350.0,3978.0,8191.0
1568194494.7073812,78793.0,376.0,3978.0,-1.0
1568194494.730824,78816.0,414.0,3978.0,-1.0
1568194494.7717075,78840.0,408.0,3978.0,8191.0
1568194494.8133268,78881.0,405.0,3978.0,8191.0
1568194494.8543465,78922.0,404.0,3978.0,445.0
1568194494.895126,78963.0,403.0,3978.0,259.0
1568194494.9365926,79005.0,404.0,3978.0,175.0
1568194494.9775524,79046.0,401.0,3978.0,136.0
1568194495.0190558,79087.0,394.0,3978.0,123.0
1568194495.059785,79128.0,387.0,3978.0,118.0
1568194495.1001892,79168.0,372.0,3978.0,107.0
1568194495.1416554,79210.0,360.0,3978.0,106.0
1568194495.1824164,79250.0,413.0,3978.0,103.0
1568194495.2238796,79292.0,445.0,3978.0,104.0
1568194495.2646112,79333.0,454.0,3978.0,106.0
1568194495.3058116,79373.0,457.0,3978.0,108.0
1568194495.3468022,79415.0,445.0,3978.0,117.0
1568194495.3874807,79455.0,418.0,3978.0,124.0
1568194495.4288385,79497.0,400.0,3979.0,134.0
1568194495.469687,79538.0,391.0,3979.0,138.0
1568194495.5100584,79578.0,386.0,3979.0,140.0
1568194495.5519,79619.0,394.0,3979.0,150.0
1568194495.5930123,79660.0,401.0,3979.0,164.0
1568194495.6339986,79702.0,391.0,3979.0,178.0
1568194495.6743493,79742.0,384.0,3979.0,199.0
1568194495.715059,79783.0,385.0,3979.0,256.0
1568194495.756595,79824.0,374.0,3979.0,448.0
1568194495.7976685,79865.0,354.0,3979.0,8191.0
1568194495.8390708,79907.0,414.0,3979.0,8191.0
1568194495.8801095,79948.0,408.0,3979.0,-1.0
1568194495.9211946,79989.0,433.0,3979.0,8191.0
1568194495.962661,80030.0,424.0,3979.0,411.0
1568194496.003619,80071.0,423.0,3979.0,255.0
1568194496.0448384,80113.0,414.0,3979.0,179.0
1568194496.086049,80153.0,412.0,3979.0,143.0
1568194496.1263914,80194.0,403.0,3979.0,126.0
1568194496.1676948,80235.0,394.0,3979.0,122.0
1568194496.208482,80276.0,378.0,3979.0,108.0
1568194496.2499766,80317.0,358.0,3979.0,103.0
1568194496.2903283,80358.0,429.0,3979.0,97.0
1568194496.3309774,80399.0,460.0,3979.0,93.0
1568194496.3726013,80440.0,460.0,3979.0,94.0
1568194496.4136226,80481.0,469.0,3979.0,100.0
1568194496.4545848,80522.0,457.0,3980.0,107.0
1568194496.495405,80563.0,442.0,3980.0,113.0
1568194496.53603,80604.0,426.0,3980.0,117.0
1568194496.5779755,80645.0,413.0,3980.0,127.0
1568194496.618211,80686.0,411.0,3980.0,133.0
1568194496.6596658,80727.0,434.0,3980.0,143.0
1568194496.7007399,80768.0,415.0,3980.0,148.0
1568194496.7412539,80809.0,427.0,3980.0,160.0
1568194496.7830138,80850.0,409.0,3980.0,178.0
1568194496.823999,80891.0,405.0,3980.0,229.0
1568194496.8657956,80933.0,378.0,3980.0,379.0
1568194496.907166,80975.0,355.0,3980.0,543.0
1568194496.9483259,81016.0,346.0,3980.0,8191.0
1568194496.990433,81058.0,415.0,3980.0,8191.0
1568194497.0310059,81099.0,413.0,3980.0,8191.0
1568194497.072929,81140.0,412.0,3980.0,-1.0
1568194497.1134436,81181.0,413.0,3980.0,331.0
1568194497.1536229,81222.0,413.0,3980.0,223.0
1568194497.1956728,81263.0,413.0,3980.0,158.0
1568194497.2363553,81304.0,406.0,3980.0,136.0
1568194497.277913,81346.0,403.0,3980.0,126.0
1568194497.3186564,81387.0,396.0,3980.0,116.0
1568194497.3596005,81427.0,398.0,3980.0,108.0
1568194497.4002523,81468.0,450.0,3980.0,108.0
1568194497.440622,81509.0,480.0,3981.0,99.0
1568194497.4823854,81550.0,484.0,3981.0,105.0
1568194497.5228841,81591.0,476.0,3981.0,108.0
1568194497.5634706,81631.0,470.0,3981.0,117.0
1568194497.60495,81673.0,448.0,3981.0,123.0
1568194497.645633,81714.0,425.0,3981.0,128.0
1568194497.68723,81755.0,406.0,3981.0,137.0
1568194497.7276638,81796.0,404.0,3981.0,143.0
1568194497.7684743,81836.0,402.0,3981.0,155.0
1568194497.8099937,81878.0,397.0,3981.0,165.0
1568194497.8513145,81919.0,394.0,3981.0,183.0
1568194497.8931644,81961.0,382.0,3981.0,216.0
1568194497.934315,82002.0,405.0,3981.0,306.0
1568194497.9746187,82042.0,363.0,3981.0,8191.0
1568194498.015379,82083.0,352.0,3981.0,8191.0
1568194498.056074,82124.0,408.0,3981.0,8191.0
1568194498.0797434,82165.0,414.0,3981.0,-1.0
1568194498.1205533,82188.0,417.0,3981.0,8191.0
1568194498.161424,82229.0,423.0,3981.0,-1.0
1568194498.2027667,82270.0,432.0,3981.0,350.0
1568194498.2433996,82311.0,434.0,3981.0,223.0
1568194498.28538,82353.0,429.0,3981.0,169.0
1568194498.3253238,82393.0,422.0,3981.0,147.0
1568194498.3662057,82434.0,403.0,3981.0,133.0
1568194498.4076667,82475.0,390.0,3981.0,126.0
1568194498.4482367,82516.0,376.0,3982.0,117.0
1568194498.4896336,82557.0,476.0,3982.0,109.0
1568194498.5303366,82598.0,473.0,3982.0,106.0
1568194498.5712783,82639.0,495.0,3982.0,108.0
1568194498.6125746,82680.0,475.0,3982.0,112.0
1568194498.6529474,82721.0,474.0,3982.0,118.0
1568194498.6947474,82762.0,456.0,3982.0,125.0
1568194498.7352653,82803.0,434.0,3982.0,132.0
1568194498.776248,82844.0,415.0,3982.0,139.0
1568194498.8172536,82885.0,413.0,3982.0,143.0
1568194498.8588078,82927.0,430.0,3982.0,150.0
1568194498.9009078,82968.0,408.0,3982.0,162.0
1568194498.9411669,83009.0,408.0,3982.0,169.0
1568194498.9820223,83050.0,402.0,3982.0,197.0
1568194499.0235553,83091.0,392.0,3982.0,276.0
1568194499.0645165,83132.0,369.0,3982.0,444.0
1568194499.1046398,83173.0,349.0,3982.0,-1.0
1568194499.1452675,83213.0,401.0,3982.0,8191.0
1568194499.1864743,83254.0,411.0,3982.0,8191.0
1568194499.2277145,83295.0,416.0,3982.0,8191.0
1568194499.2681794,83336.0,428.0,3982.0,470.0
1568194499.3100553,83377.0,422.0,3982.0,298.0
1568194499.3500469,83418.0,433.0,3982.0,196.0
1568194499.3907092,83459.0,432.0,3982.0,146.0
1568194499.4325235,83500.0,416.0,3983.0,135.0
1568194499.4736927,83541.0,408.0,3983.0,121.0
1568194499.5146945,83582.0,388.0,3983.0,112.0
1568194499.5550318,83623.0,485.0,3983.0,115.0
1568194499.5961065,83664.0,462.0,3983.0,110.0
1568194499.6371872,83705.0,464.0,3983.0,111.0
1568194499.6780438,83746.0,456.0,3983.0,118.0
1568194499.7192824,83787.0,452.0,3983.0,123.0
1568194499.7601385,83828.0,434.0,3983.0,133.0
1568194499.8008366,83869.0,411.0,3983.0,140.0
1568194499.8425865,83910.0,394.0,3983.0,152.0
1568194499.8837428,83951.0,393.0,3983.0,153.0
1568194499.9253762,83993.0,389.0,3983.0,156.0
1568194499.966634,84034.0,391.0,3983.0,160.0
1568194500.0067065,84075.0,385.0,3983.0,179.0
1568194500.0480635,84116.0,382.0,3983.0,201.0
1568194500.0895553,84157.0,388.0,3983.0,252.0
1568194500.130974,84199.0,404.0,3983.0,353.0
1568194500.1720324,84240.0,360.0,3983.0,8191.0
1568194500.2123208,84280.0,345.0,3983.0,-1.0
1568194500.2538843,84321.0,441.0,3983.0,8191.0
1568194500.2953975,84363.0,448.0,3983.0,8191.0
1568194500.3378024,84405.0,449.0,3983.0,8191.0
1568194500.3781781,84446.0,441.0,3983.0,349.0
1568194500.4183936,84486.0,442.0,3983.0,226.0
1568194500.460122,84528.0,437.0,3984.0,159.0
1568194500.5004492,84569.0,429.0,3984.0,134.0
1568194500.5419474,84610.0,425.0,3984.0,125.0
1568194500.5828083,84651.0,401.0,3984.0,118.0
1568194500.623526,84691.0,397.0,3984.0,113.0
1568194500.6650825,84733.0,415.0,3984.0,111.0
1568194500.7055383,84773.0,430.0,3984.0,110.0
1568194500.7472477,84815.0,433.0,3984.0,112.0
1568194500.7879908,84856.0,430.0,3984.0,115.0
1568194500.8285313,84896.0,433.0,3984.0,118.0
1568194500.870589,84938.0,421.0,3984.0,125.0
1568194500.911011,84979.0,409.0,3984.0,130.0
1568194500.9523547,85020.0,393.0,3984.0,138.0
1568194500.9934838,85061.0,387.0,3984.0,140.0
1568194501.0339706,85102.0,384.0,3984.0,145.0
1568194501.075989,85144.0,386.0,3984.0,154.0
1568194501.116772,85185.0,384.0,3984.0,162.0
1568194501.1586754,85226.0,379.0,3984.0,176.0
1568194501.198962,85267.0,393.0,3984.0,210.0
1568194501.2393587,85307.0,373.0,3984.0,307.0
1568194501.281612,85349.0,349.0,3984.0,8191.0
1568194501.3224068,85390.0,360.0,3984.0,8191.0
1568194501.3633945,85431.0,404.0,3984.0,8191.0
1568194501.4040627,85472.0,413.0,3984.0,8191.0
1568194501.4452345,85513.0,421.0,3985.0,429.0
1568194501.4865735,85554.0,411.0,3985.0,297.0
1568194501.5272055,85595.0,412.0,3985.0,199.0
1568194501.5687408,85636.0,408.0,3985.0,154.0
1568194501.6091099,85677.0,402.0,3985.0,136.0
1568194501.6502798,85718.0,393.0,3985.0,125.0
1568194501.691776,85759.0,378.0,3985.0,119.0
1568194501.7323647,85800.0,424.0,3985.0,110.0
1568194501.7741122,85842.0,393.0,3985.0,107.0
1568194501.8146205,85883.0,398.0,3985.0,107.0
1568194501.8563995,85924.0,405.0,3985.0,107.0
1568194501.8977704,85965.0,416.0,3985.0,110.0
1568194501.9384158,86006.0,417.0,3985.0,111.0
1568194501.9801996,86048.0,408.0,3985.0,113.0
1568194502.0206392,86089.0,398.0,3985.0,113.0
1568194502.0613086,86129.0,424.0,3985.0,115.0
1568194502.1028063,86170.0,400.0,3985.0,123.0
1568194502.143421,86211.0,417.0,3985.0,129.0
1568194502.1848881,86253.0,432.0,3985.0,137.0
1568194502.2258117,86293.0,423.0,3985.0,149.0
1568194502.2660573,86334.0,403.0,3985.0,158.0
1568194502.307499,86375.0,439.0,3985.0,189.0
1568194502.348639,86416.0,387.0,3985.0,246.0
1568194502.3896315,86457.0,377.0,3985.0,358.0
1568194502.430513,86498.0,343.0,3986.0,8191.0
1568194502.4711165,86539.0,400.0,3986.0,8191.0
1568194502.5125835,86580.0,396.0,3986.0,8191.0
1568194502.5538287,86621.0,397.0,3986.0,8191.0
1568194502.5948606,86662.0,397.0,3986.0,363.0
1568194502.635589,86703.0,397.0,3986.0,252.0
1568194502.676213,86744.0,396.0,3986.0,185.0
1568194502.7176695,86785.0,391.0,3986.0,153.0
1568194502.7583055,86826.0,387.0,3986.0,134.0
1568194502.8004816,86868.0,370.0,3986.0,125.0
1568194502.8413033,86909.0,344.0,3986.0,116.0
1568194502.8823855,86950.0,366.0,3986.0,116.0
1568194502.9243624,86992.0,410.0,3986.0,108.0
1568194502.9652467,87033.0,416.0,3986.0,109.0
1568194503.0061815,87074.0,440.0,3986.0,117.0
1568194503.0469544,87115.0,423.0,3986.0,116.0
1568194503.0876935,87155.0,400.0,3986.0,130.0
1568194503.129086,87197.0,376.0,3986.0,135.0
1568194503.1695278,87238.0,374.0,3986.0,147.0
1568194503.2116117,87279.0,358.0,3986.0,152.0
1568194503.2516823,87320.0,357.0,3986.0,152.0
1568194503.2925344,87360.0,374.0,3986.0,155.0
1568194503.334309,87402.0,391.0,3986.0,172.0
1568194503.3746667,87442.0,389.0,3986.0,182.0
1568194503.4166641,87484.0,392.0,3986.0,213.0
1568194503.4578981,87525.0,403.0,3987.0,308.0
1568194503.4979093,87566.0,351.0,3987.0,457.0
1568194503.5391748,87607.0,346.0,3987.0,-1.0
1568194503.5626795,87648.0,413.0,3987.0,-1.0
1568194503.5860395,87671.0,405.0,3987.0,-1.0
1568194503.628135,87696.0,415.0,3987.0,-1.0
1568194503.6684206,87737.0,424.0,3987.0,-1.0
1568194503.709278,87777.0,422.0,3987.0,285.0
1568194503.7505598,87818.0,422.0,3987.0,204.0
1568194503.7908509,87859.0,414.0,3987.0,154.0
1568194503.8329966,87900.0,413.0,3987.0,133.0
1568194503.8747299,87942.0,405.0,3987.0,118.0
1568194503.9151175,87983.0,402.0,3987.0,110.0
1568194503.9558425,88024.0,392.0,3987.0,106.0
1568194503.9970043,88064.0,416.0,3987.0,102.0
1568194504.0384085,88106.0,432.0,3987.0,102.0
1568194504.0788472,88147.0,440.0,3987.0,104.0
1568194504.1190922,88187.0,449.0,3987.0,109.0
1568194504.1603339,88228.0,434.0,3987.0,112.0
1568194504.20106,88268.0,408.0,3987.0,122.0
1568194504.242073,88310.0,388.0,3987.0,130.0
1568194504.2828078,88351.0,377.0,3987.0,139.0
1568194504.3233433,88391.0,388.0,3987.0,143.0
1568194504.363909,88432.0,424.0,3987.0,158.0
1568194504.405076,88472.0,398.0,3987.0,171.0
1568194504.4465508,88514.0,396.0,3988.0,182.0
1568194504.487044,88555.0,384.0,3988.0,208.0
1568194504.5273635,88595.0,378.0,3988.0,255.0
1568194504.569471,88637.0,405.0,3988.0,313.0
1568194504.6098614,88677.0,356.0,3988.0,-1.0
1568194504.633958,88719.0,343.0,3988.0,-1.0
1568194504.6568668,88742.0,373.0,3988.0,-1.0
1568194504.6977816,88765.0,378.0,3988.0,-1.0
1568194504.7388084,88807.0,394.0,3988.0,-1.0
1568194504.7795873,88848.0,397.0,3988.0,-1.0
1568194504.8213687,88888.0,394.0,3988.0,244.0
1568194504.8630354,88930.0,394.0,3988.0,174.0
1568194504.9033499,88971.0,390.0,3988.0,150.0
1568194504.9456258,89013.0,387.0,3988.0,129.0
1568194504.9859674,89054.0,379.0,3988.0,118.0
1568194505.0266187,89094.0,365.0,3988.0,109.0
1568194505.0674102,89135.0,451.0,3988.0,101.0
1568194505.1082304,89176.0,435.0,3988.0,104.0
1568194505.1494746,89217.0,440.0,3988.0,103.0
1568194505.1899981,89258.0,447.0,3988.0,106.0
1568194505.2307296,89298.0,449.0,3988.0,110.0
1568194505.2724755,89340.0,438.0,3988.0,114.0
1568194505.312928,89381.0,410.0,3988.0,125.0
1568194505.3543348,89422.0,393.0,3988.0,132.0
1568194505.395098,89463.0,379.0,3988.0,136.0
1568194505.435419,89503.0,386.0,3989.0,144.0
1568194505.4771528,89545.0,438.0,3989.0,148.0
1568194505.5176456,89586.0,390.0,3989.0,159.0
1568194505.5593648,89627.0,390.0,3989.0,165.0
1568194505.5996768,89668.0,402.0,3989.0,186.0
1568194505.6405203,89708.0,401.0,3989.0,210.0
1568194505.6819289,89750.0,377.0,3989.0,283.0
1568194505.7225742,89791.0,375.0,3989.0,385.0
1568194505.764086,89832.0,343.0,3989.0,-1.0
1568194505.7871432,89873.0,401.0,3989.0,-1.0
1568194505.8105104,89896.0,397.0,3989.0,-1.0
1568194505.8342268,89919.0,401.0,3989.0,-1.0
1568194505.8588057,89944.0,405.0,3989.0,-1.0
1568194505.899924,89968.0,416.0,3989.0,8191.0
1568194505.9403322,90008.0,410.0,3989.0,336.0
1568194505.9820662,90050.0,410.0,3989.0,225.0
1568194506.0228317,90091.0,405.0,3989.0,169.0
1568194506.063464,90131.0,399.0,3989.0,143.0
1568194506.104974,90173.0,392.0,3989.0,131.0
1568194506.1453102,90213.0,381.0,3989.0,118.0
1568194506.187046,90255.0,375.0,3989.0,113.0
1568194506.2275403,90296.0,411.0,3989.0,110.0
1568194506.268183,90336.0,448.0,3989.0,110.0
1568194506.308999,90377.0,448.0,3989.0,111.0
1568194506.3493578,90417.0,450.0,3989.0,117.0
1568194506.3911445,90459.0,447.0,3989.0,122.0
1568194506.4315178,90500.0,432.0,3990.0,129.0
1568194506.4725766,90540.0,426.0,3990.0,136.0
1568194506.5146399,90582.0,402.0,3990.0,142.0
1568194506.55533,90623.0,393.0,3990.0,149.0
1568194506.5965023,90664.0,396.0,3990.0,156.0
1568194506.6377935,90705.0,422.0,3990.0,160.0
1568194506.6780438,90746.0,424.0,3990.0,168.0
1568194506.7184622,90786.0,433.0,3990.0,184.0
1568194506.7595103,90827.0,458.0,3990.0,218.0
1568194506.8010948,90868.0,386.0,3990.0,290.0
1568194506.8414958,90909.0,367.0,3990.0,8191.0
1568194506.883199,90950.0,362.0,3990.0,8191.0
1568194506.90594,90991.0,403.0,3990.0,-1.0
1568194506.9471622,91015.0,406.0,3990.0,8191.0
1568194506.9891958,91056.0,415.0,3990.0,8191.0
1568194507.029482,91097.0,416.0,3990.0,424.0
1568194507.0701766,91138.0,415.0,3990.0,246.0
1568194507.1117227,91179.0,412.0,3990.0,229.0
1568194507.1524854,91220.0,408.0,3990.0,189.0
1568194507.1938305,91262.0,402.0,3990.0,170.0
1568194507.2345273,91302.0,392.0,3990.0,155.0
1568194507.275229,91343.0,381.0,3990.0,141.0
1568194507.3171642,91384.0,369.0,3990.0,127.0
1568194507.3575382,91425.0,377.0,3990.0,123.0
1568194507.3989143,91467.0,403.0,3990.0,120.0
1568194507.439823,91507.0,414.0,3991.0,118.0
1568194507.480773,91548.0,417.0,3991.0,120.0
1568194507.5217538,91589.0,445.0,3991.0,123.0
1568194507.5626562,91630.0,436.0,3991.0,130.0
1568194507.604261,91672.0,423.0,3991.0,138.0
1568194507.644668,91712.0,413.0,3991.0,150.0
1568194507.685194,91753.0,404.0,3991.0,157.0
1568194507.7267237,91794.0,403.0,3991.0,160.0
1568194507.7675145,91835.0,409.0,3991.0,168.0
1568194507.8087041,91876.0,406.0,3991.0,179.0
1568194507.8493094,91917.0,415.0,3991.0,186.0
1568194507.8909936,91959.0,421.0,3991.0,199.0
1568194507.932561,92000.0,439.0,3991.0,252.0
1568194507.97353,92041.0,426.0,3991.0,412.0
1568194508.0148258,92082.0,363.0,3991.0,522.0
1568194508.055388,92123.0,415.0,3991.0,487.0
1568194508.0966818,92164.0,414.0,3991.0,438.0
1568194508.1376803,92205.0,414.0,3991.0,493.0
1568194508.1783993,92246.0,413.0,3991.0,474.0
1568194508.2201939,92287.0,413.0,3991.0,283.0
1568194508.2609532,92328.0,411.0,3991.0,219.0
1568194508.3010197,92369.0,404.0,3991.0,169.0
1568194508.3426406,92410.0,394.0,3991.0,152.0
1568194508.3832812,92451.0,377.0,3991.0,139.0
1568194508.4245613,92492.0,360.0,3992.0,124.0
1568194508.465372,92533.0,340.0,3992.0,124.0
1568194508.5064895,92574.0,375.0,3992.0,118.0
1568194508.547672,92615.0,412.0,3992.0,113.0
1568194508.5881677,92656.0,441.0,3992.0,110.0
1568194508.6296635,92697.0,449.0,3992.0,119.0
1568194508.6706183,92738.0,448.0,3992.0,126.0
1568194508.7107697,92779.0,430.0,3992.0,126.0
1568194508.7522142,92820.0,414.0,3992.0,141.0
1568194508.7933805,92861.0,402.0,3992.0,142.0
1568194508.8346033,92902.0,398.0,3992.0,155.0
1568194508.8765018,92944.0,399.0,3992.0,155.0
1568194508.9173765,92985.0,397.0,3992.0,155.0
1568194508.9581895,93026.0,396.0,3992.0,158.0
1568194508.9989216,93067.0,401.0,3992.0,166.0
1568194509.040579,93108.0,412.0,3992.0,187.0
1568194509.0813398,93149.0,404.0,3992.0,232.0
1568194509.1223683,93190.0,415.0,3992.0,301.0
1568194509.1635628,93231.0,459.0,3992.0,392.0
1568194509.2040002,93272.0,483.0,3992.0,378.0
1568194509.2457657,93313.0,494.0,3992.0,316.0
1568194509.2865968,93354.0,499.0,3992.0,222.0
1568194509.3266265,93395.0,505.0,3992.0,155.0
1568194509.3682961,93436.0,506.0,3992.0,117.0
1568194509.4095564,93477.0,506.0,3992.0,104.0
1568194509.450516,93518.0,502.0,3993.0,96.0
1568194509.49094,93559.0,502.0,3993.0,85.0
1568194509.5323677,93600.0,518.0,3993.0,83.0
1568194509.574213,93641.0,722.0,3993.0,88.0
1568194509.6145353,93682.0,783.0,3993.0,86.0
1568194509.656196,93724.0,811.0,3993.0,84.0
1568194509.6971507,93765.0,816.0,3993.0,79.0
1568194509.7375228,93805.0,824.0,3993.0,84.0
1568194509.7788115,93847.0,824.0,3993.0,81.0
1568194509.8193214,93887.0,826.0,3993.0,84.0
1568194509.8612664,93929.0,826.0,3993.0,82.0
1568194509.9026306,93970.0,826.0,3993.0,81.0
1568194509.9430466,94011.0,831.0,3993.0,80.0
1568194509.9846132,94052.0,830.0,3993.0,78.0
1568194510.0255644,94093.0,830.0,3993.0,81.0
1568194510.0666933,94135.0,829.0,3993.0,79.0
1568194510.1076744,94176.0,829.0,3993.0,81.0
1568194510.1482117,94216.0,831.0,3993.0,79.0
1568194510.1901197,94257.0,832.0,3993.0,81.0
1568194510.2303889,94298.0,833.0,3993.0,81.0
1568194510.2718043,94340.0,833.0,3993.0,80.0
1568194510.3129764,94380.0,830.0,3993.0,81.0
1568194510.3534188,94421.0,821.0,3993.0,83.0
1568194510.3947325,94462.0,806.0,3993.0,83.0
1568194510.4353325,94503.0,778.0,3994.0,88.0
1568194510.4765694,94545.0,745.0,3994.0,91.0
1568194510.5173185,94585.0,702.0,3994.0,92.0
1568194510.5580254,94626.0,681.0,3994.0,95.0
1568194510.5996108,94667.0,668.0,3994.0,98.0
1568194510.64065,94708.0,672.0,3994.0,102.0
1568194510.682069,94749.0,670.0,3994.0,97.0
1568194510.7227209,94790.0,679.0,3994.0,94.0
1568194510.7633061,94831.0,720.0,3994.0,92.0
1568194510.804975,94872.0,728.0,3994.0,93.0
1568194510.84537,94913.0,737.0,3994.0,91.0
1568194510.8872993,94955.0,738.0,3994.0,92.0
1568194510.9280612,94996.0,746.0,3994.0,94.0
1568194510.968904,95037.0,753.0,3994.0,93.0
1568194511.0103467,95078.0,756.0,3994.0,92.0
1568194511.0507622,95119.0,759.0,3994.0,95.0
1568194511.0924487,95160.0,760.0,3994.0,94.0
1568194511.132797,95201.0,765.0,3994.0,98.0
1568194511.1735563,95242.0,762.0,3994.0,97.0
1568194511.2149496,95283.0,762.0,3994.0,93.0
1568194511.2557898,95324.0,763.0,3994.0,92.0
1568194511.297125,95365.0,765.0,3994.0,94.0
1568194511.3378956,95406.0,764.0,3994.0,93.0
1568194511.378655,95446.0,760.0,3994.0,93.0
1568194511.4204164,95488.0,759.0,3995.0,94.0
1568194511.4610078,95529.0,763.0,3995.0,90.0
1568194511.502636,95570.0,760.0,3995.0,94.0
1568194511.5435097,95611.0,758.0,3995.0,94.0
1568194511.5836477,95652.0,759.0,3995.0,94.0
1568194511.6254628,95693.0,760.0,3995.0,94.0
1568194511.6663184,95734.0,760.0,3995.0,93.0
1568194511.707597,95775.0,760.0,3995.0,95.0
1568194511.7480147,95816.0,760.0,3995.0,95.0
1568194511.7892146,95857.0,762.0,3995.0,94.0
1568194511.8303616,95898.0,760.0,3995.0,91.0
1568194511.872326,95940.0,765.0,3995.0,92.0
1568194511.9133322,95981.0,763.0,3995.0,93.0
1568194511.9545455,96022.0,763.0,3995.0,95.0
1568194511.9949617,96063.0,765.0,3995.0,96.0
1568194512.0364935,96104.0,769.0,3995.0,97.0
1568194512.0770562,96145.0,771.0,3995.0,95.0
1568194512.118673,96186.0,771.0,3995.0,92.0
1568194512.1593332,96227.0,773.0,3995.0,94.0
1568194512.1999211,96268.0,774.0,3995.0,94.0
1568194512.2416956,96309.0,773.0,3995.0,96.0
1568194512.2820837,96350.0,773.0,3995.0,94.0
1568194512.3237123,96391.0,780.0,3995.0,93.0
1568194512.3642306,96432.0,789.0,3995.0,95.0
1568194512.4043267,96473.0,792.0,3995.0,92.0
1568194512.4460502,96514.0,787.0,3996.0,96.0
1568194512.4868426,96555.0,787.0,3996.0,95.0
1568194512.5282133,96596.0,788.0,3996.0,97.0
1568194512.569203,96637.0,788.0,3996.0,96.0
1568194512.6100614,96678.0,789.0,3996.0,94.0
1568194512.6521049,96720.0,788.0,3996.0,95.0
1568194512.6926143,96760.0,789.0,3996.0,95.0
1568194512.734066,96802.0,789.0,3996.0,96.0
1568194512.7749715,96843.0,789.0,3996.0,95.0
1568194512.815694,96883.0,789.0,3996.0,98.0
1568194512.856962,96925.0,792.0,3996.0,98.0
1568194512.8985708,96966.0,792.0,3996.0,96.0
1568194512.9399881,97008.0,790.0,3996.0,94.0
1568194512.9807475,97049.0,792.0,3996.0,92.0
1568194513.0212,97089.0,790.0,3996.0,97.0
1568194513.0630276,97131.0,789.0,3996.0,91.0
1568194513.1035602,97171.0,789.0,3996.0,96.0
1568194513.1447759,97213.0,792.0,3996.0,93.0
1568194513.1855142,97254.0,792.0,3996.0,93.0
1568194513.2264283,97294.0,793.0,3996.0,95.0
1568194513.2680688,97336.0,792.0,3996.0,92.0
1568194513.3084128,97376.0,793.0,3996.0,98.0
1568194513.3501048,97418.0,793.0,3996.0,91.0
1568194513.3902504,97459.0,792.0,3996.0,96.0
1568194513.4309747,97499.0,793.0,3997.0,95.0
1568194513.4733267,97540.0,792.0,3997.0,94.0
1568194513.5135887,97581.0,792.0,3997.0,93.0
1568194513.5553336,97623.0,792.0,3997.0,96.0
1568194513.5958595,97664.0,792.0,3997.0,95.0
1568194513.6365325,97704.0,790.0,3997.0,98.0
1568194513.6779392,97746.0,792.0,3997.0,93.0
1568194513.7186148,97787.0,790.0,3997.0,96.0
1568194513.759979,97828.0,792.0,3997.0,93.0
1568194513.800692,97869.0,792.0,3997.0,95.0
1568194513.8422453,97909.0,792.0,3997.0,95.0
1568194513.883934,97951.0,792.0,3997.0,94.0
1568194513.9244268,97992.0,792.0,3997.0,95.0
1568194513.9665473,98034.0,790.0,3997.0,95.0
1568194514.0066986,98075.0,790.0,3997.0,98.0
1568194514.047323,98115.0,790.0,3997.0,97.0
1568194514.0890906,98157.0,788.0,3997.0,97.0
1568194514.129859,98197.0,792.0,3997.0,95.0
1568194514.1708581,98239.0,792.0,3997.0,95.0
1568194514.2112172,98279.0,793.0,3997.0,94.0
1568194514.2518687,98320.0,793.0,3997.0,94.0
1568194514.2940574,98361.0,793.0,3997.0,91.0
1568194514.3344736,98402.0,793.0,3997.0,95.0
1568194514.3758724,98444.0,793.0,3997.0,92.0
1568194514.4165628,98484.0,794.0,3997.0,93.0
1568194514.4570642,98525.0,793.0,3998.0,94.0
1568194514.4984577,98566.0,793.0,3998.0,93.0
1568194514.5394123,98607.0,792.0,3998.0,96.0
1568194514.5806596,98648.0,793.0,3998.0,94.0
1568194514.6213045,98689.0,793.0,3998.0,96.0
1568194514.6624815,98730.0,793.0,3998.0,92.0
1568194514.7033858,98771.0,794.0,3998.0,93.0
1568194514.7441454,98812.0,793.0,3998.0,97.0
1568194514.7859104,98853.0,793.0,3998.0,93.0
1568194514.8263812,98894.0,793.0,3998.0,94.0
1568194514.8669937,98935.0,793.0,3998.0,95.0
1568194514.9083896,98976.0,793.0,3998.0,94.0
1568194514.9489088,99017.0,793.0,3998.0,94.0
1568194514.9907997,99058.0,793.0,3998.0,96.0
1568194515.0313146,99099.0,793.0,3998.0,94.0
1568194515.0720568,99140.0,793.0,3998.0,96.0
1568194515.113334,99181.0,793.0,3998.0,96.0
1568194515.1543138,99222.0,794.0,3998.0,97.0
1568194515.1955583,99263.0,794.0,3998.0,98.0
1568194515.2363544,99304.0,793.0,3998.0,98.0
1568194515.277927,99346.0,793.0,3998.0,94.0
1568194515.3195612,99387.0,793.0,3998.0,97.0
1568194515.360461,99428.0,794.0,3998.0,94.0
1568194515.401879,99469.0,794.0,3998.0,95.0
1568194515.442706,99510.0,793.0,3999.0,96.0
1568194515.483073,99551.0,794.0,3999.0,94.0
1568194515.5245094,99592.0,793.0,3999.0,92.0
1568194515.5654688,99633.0,793.0,3999.0,95.0
1568194515.607237,99675.0,793.0,3999.0,93.0
1568194515.648197,99716.0,793.0,3999.0,94.0
1568194515.6884687,99757.0,793.0,3999.0,92.0
1568194515.729815,99798.0,794.0,3999.0,95.0
1568194515.7708838,99839.0,792.0,3999.0,97.0
1568194515.81229,99880.0,792.0,3999.0,98.0
1568194515.8527257,99921.0,794.0,3999.0,97.0
1568194515.894423,99962.0,794.0,3999.0,96.0
1568194515.9348118,3.0,794.0,3999.0,91.0
1568194515.9759083,44.0,795.0,3999.0,94.0
1568194516.0172927,85.0,795.0,3999.0,91.0
1568194516.0580544,126.0,795.0,3999.0,96.0
1568194516.0985036,167.0,795.0,3999.0,95.0
1568194516.1394484,207.0,794.0,3999.0,93.0
1568194516.1799817,248.0,796.0,3999.0,95.0
1568194516.221807,289.0,796.0,3999.0,93.0
1568194516.2626975,330.0,796.0,3999.0,93.0
1568194516.3025835,371.0,795.0,3999.0,99.0
1568194516.3440492,412.0,795.0,3999.0,94.0
1568194516.385225,453.0,795.0,3999.0,95.0
1568194516.426142,494.0,795.0,4000.0,95.0
1568194516.4668732,535.0,795.0,4000.0,97.0
1568194516.5078843,576.0,795.0,4000.0,99.0
1568194516.54915,617.0,795.0,4000.0,93.0
1568194516.5898414,658.0,795.0,4000.0,95.0
1568194516.631184,699.0,795.0,4000.0,93.0
1568194516.6722076,740.0,795.0,4000.0,94.0
1568194516.7127388,780.0,795.0,4000.0,96.0
1568194516.7538455,822.0,795.0,4000.0,95.0
1568194516.7946284,863.0,795.0,4000.0,94.0
1568194516.8367836,904.0,795.0,4000.0,93.0
1568194516.8776493,945.0,794.0,4000.0,96.0
1568194516.9184244,986.0,794.0,4000.0,98.0
1568194516.9600081,1027.0,794.0,4000.0,94.0
1568194517.0007834,1068.0,794.0,4000.0,97.0
1568194517.0422583,1109.0,793.0,4000.0,95.0
1568194517.0829673,1150.0,793.0,4000.0,97.0
1568194517.1237323,1191.0,794.0,4000.0,97.0
1568194517.1641273,1232.0,793.0,4000.0,97.0
1568194517.2048788,1272.0,794.0,4000.0,95.0
1568194517.2462633,1314.0,793.0,4000.0,91.0
1568194517.287064,1354.0,793.0,4000.0,94.0
1568194517.3273158,1395.0,794.0,4000.0,95.0
1568194517.368481,1436.0,794.0,4000.0,97.0
1568194517.409464,1477.0,794.0,4000.0,98.0
1568194517.4511,1518.0,794.0,4001.0,97.0
1568194517.4918272,1559.0,793.0,4001.0,97.0
1568194517.532045,1600.0,793.0,4001.0,95.0
1568194517.5737772,1641.0,793.0,4001.0,95.0
1568194517.6144552,1682.0,793.0,4001.0,97.0
1568194517.656342,1723.0,793.0,4001.0,98.0
1568194517.6966112,1764.0,794.0,4001.0,98.0
1568194517.73735,1805.0,793.0,4001.0,94.0
1568194517.7776294,1845.0,792.0,4001.0,97.0
1568194517.8183825,1886.0,793.0,4001.0,98.0
1568194517.8599486,1927.0,792.0,4001.0,94.0
1568194517.9015036,1969.0,792.0,4001.0,94.0
1568194517.9420269,2010.0,792.0,4001.0,96.0
1568194517.9833453,2051.0,792.0,4001.0,99.0
1568194518.0237699,2092.0,790.0,4001.0,95.0
1568194518.0653017,2133.0,790.0,4001.0,97.0
1568194518.1064138,2174.0,787.0,4001.0,95.0
1568194518.1468108,2215.0,786.0,4001.0,96.0
1568194518.1873379,2255.0,786.0,4001.0,96.0
1568194518.2279484,2296.0,786.0,4001.0,98.0
1568194518.2696111,2337.0,786.0,4001.0,95.0
1568194518.3104315,2378.0,787.0,4001.0,97.0
1568194518.3509972,2419.0,787.0,4001.0,92.0
1568194518.3923254,2460.0,787.0,4001.0,96.0
1568194518.4327347,2501.0,787.0,4002.0,96.0
1568194518.4749138,2542.0,787.0,4002.0,94.0
1568194518.515095,2583.0,786.0,4002.0,98.0
1568194518.555857,2624.0,786.0,4002.0,96.0
1568194518.597493,2665.0,785.0,4002.0,95.0
1568194518.6380007,2706.0,785.0,4002.0,98.0
1568194518.6803288,2747.0,786.0,4002.0,95.0
1568194518.7207513,2788.0,786.0,4002.0,96.0
1568194518.7613425,2829.0,786.0,4002.0,98.0
1568194518.8021202,2870.0,786.0,4002.0,97.0
1568194518.8430188,2910.0,786.0,4002.0,97.0
1568194518.8848207,2952.0,786.0,4002.0,95.0
1568194518.9258711,2993.0,786.0,4002.0,96.0
1568194518.966387,3034.0,786.0,4002.0,98.0
1568194519.0066483,3075.0,785.0,4002.0,95.0
