1568194247.5227468,31592.0,745.0,3731.0,101.0
1568194247.5633497,31633.0,745.0,3731.0,101.0
1568194247.6038346,31674.0,745.0,3731.0,96.0
1568194247.6442854,31714.0,744.0,3731.0,96.0
1568194247.6851704,31755.0,744.0,3731.0,99.0
1568194247.7265742,31796.0,745.0,3731.0,97.0
1568194247.7668142,31837.0,745.0,3731.0,96.0
1568194247.8074346,31878.0,745.0,3731.0,95.0
1568194247.8483784,31918.0,745.0,3731.0,100.0
1568194247.8889196,31959.0,745.0,3731.0,96.0
1568194247.9305823,32000.0,745.0,3731.0,99.0
1568194247.9709716,32041.0,745.0,3731.0,99.0
1568194248.0119007,32082.0,745.0,3731.0,99.0
1568194248.0520487,32122.0,745.0,3731.0,99.0
1568194248.0932822,32163.0,745.0,3731.0,98.0
1568194248.1346638,32204.0,744.0,3731.0,97.0
1568194248.175146,32245.0,742.0,3731.0,100.0
1568194248.215953,32286.0,742.0,3731.0,100.0
1568194248.2575705,32327.0,742.0,3731.0,97.0
1568194248.298337,32368.0,744.0,3731.0,99.0
1568194248.3394217,32409.0,742.0,3731.0,98.0
1568194248.3803651,32450.0,744.0,3731.0,97.0
1568194248.4213023,32491.0,744.0,3732.0,96.0
1568194248.4633973,32533.0,744.0,3732.0,97.0
1568194248.5035899,32574.0,745.0,3732.0,96.0
1568194248.5458322,32615.0,745.0,3732.0,99.0
1568194248.586581,32656.0,744.0,3732.0,96.0
1568194248.626674,32697.0,745.0,3732.0,98.0
1568194248.6674416,32738.0,742.0,3732.0,92.0
1568194248.7081885,32778.0,744.0,3732.0,97.0
1568194248.749443,32819.0,744.0,3732.0,95.0
1568194248.7897763,32860.0,746.0,3732.0,95.0
1568194248.8306081,32901.0,748.0,3732.0,95.0
1568194248.871415,32942.0,746.0,3732.0,94.0
1568194248.9116986,32982.0,746.0,3732.0,96.0
1568194248.9538682,33024.0,748.0,3732.0,94.0
1568194248.9943657,33064.0,748.0,3732.0,92.0
1568194249.034595,33105.0,748.0,3732.0,97.0
1568194249.07636,33146.0,753.0,3732.0,92.0
1568194249.1166162,33187.0,754.0,3732.0,93.0
1568194249.1584775,33229.0,759.0,3732.0,94.0
1568194249.1990168,33269.0,761.0,3732.0,92.0
1568194249.2395093,33310.0,760.0,3732.0,89.0
1568194249.2811382,33351.0,763.0,3732.0,91.0
1568194249.3225014,33392.0,763.0,3732.0,89.0
1568194249.3641846,33434.0,764.0,3732.0,91.0
1568194249.4046814,33475.0,764.0,3732.0,89.0
1568194249.4459186,33516.0,766.0,3733.0,89.0
1568194249.4874575,33557.0,764.0,3733.0,90.0
1568194249.5281155,33598.0,765.0,3733.0,87.0
1568194249.5698721,33640.0,765.0,3733.0,87.0
1568194249.6103494,33680.0,764.0,3733.0,85.0
1568194249.6510475,33721.0,764.0,3733.0,89.0
1568194249.6912167,33762.0,764.0,3733.0,89.0
1568194249.732253,33802.0,764.0,3733.0,88.0
1568194249.7736573,33844.0,763.0,3733.0,91.0
1568194249.8141863,33884.0,762.0,3733.0,89.0
1568194249.855053,33925.0,762.0,3733.0,91.0
1568194249.8958986,33966.0,762.0,3733.0,92.0
1568194249.93717,34007.0,763.0,3733.0,86.0
1568194249.9781225,34048.0,760.0,3733.0,84.0
1568194250.0190434,34089.0,760.0,3733.0,88.0
1568194250.0597339,34130.0,759.0,3733.0,90.0
1568194250.1000412,34170.0,758.0,3733.0,85.0
1568194250.141173,34211.0,759.0,3733.0,88.0
1568194250.1824393,34252.0,759.0,3733.0,90.0
1568194250.2230127,34293.0,758.0,3733.0,89.0
1568194250.2636518,34334.0,758.0,3733.0,93.0
1568194250.3053446,34375.0,756.0,3733.0,91.0
1568194250.3460934,34416.0,754.0,3733.0,89.0
1568194250.3878715,34458.0,756.0,3733.0,91.0
1568194250.4283135,34499.0,756.0,3734.0,89.0
1568194250.4698148,34540.0,756.0,3734.0,90.0
1568194250.5110707,34581.0,754.0,3734.0,90.0
1568194250.5521293,34622.0,754.0,3734.0,93.0
1568194250.5938642,34664.0,756.0,3734.0,89.0
1568194250.633977,34704.0,756.0,3734.0,91.0
1568194250.6747186,34745.0,757.0,3734.0,90.0
1568194250.7151458,34786.0,757.0,3734.0,90.0
1568194250.7563515,34827.0,756.0,3734.0,89.0
1568194250.7980993,34868.0,753.0,3734.0,88.0
1568194250.8383734,34909.0,751.0,3734.0,94.0
1568194250.8791137,34950.0,750.0,3734.0,93.0
1568194250.9201257,34990.0,750.0,3734.0,89.0
1568194250.9610949,35031.0,750.0,3734.0,92.0
1568194251.0020456,35072.0,749.0,3734.0,91.0
1568194251.0426857,35113.0,746.0,3734.0,92.0
1568194251.083388,35154.0,746.0,3734.0,90.0
1568194251.1241589,35194.0,741.0,3734.0,93.0
1568194251.165219,35235.0,744.0,3734.0,94.0
1568194251.2064521,35276.0,741.0,3734.0,90.0
1568194251.2466831,35317.0,742.0,3734.0,94.0
1568194251.2872837,35358.0,741.0,3734.0,95.0
1568194251.3291967,35399.0,740.0,3734.0,98.0
1568194251.3700335,35440.0,740.0,3734.0,95.0
1568194251.4110472,35481.0,740.0,3734.0,93.0
1568194251.45189,35522.0,740.0,3735.0,95.0
1568194251.4929914,35563.0,738.0,3735.0,95.0
1568194251.5340006,35604.0,744.0,3735.0,97.0
1568194251.5746605,35645.0,742.0,3735.0,98.0
1568194251.6162357,35686.0,745.0,3735.0,96.0
1568194251.657162,35727.0,745.0,3735.0,93.0
1568194251.6978908,35768.0,744.0,3735.0,97.0
1568194251.7388756,35809.0,745.0,3735.0,97.0
1568194251.779846,35850.0,745.0,3735.0,95.0
1568194251.821502,35891.0,745.0,3735.0,95.0
1568194251.8622127,35932.0,746.0,3735.0,96.0
1568194251.9021206,35973.0,746.0,3735.0,96.0
1568194251.9438426,36014.0,746.0,3735.0,94.0
1568194251.9845607,36055.0,747.0,3735.0,99.0
1568194252.0261688,36096.0,747.0,3735.0,95.0
1568194252.0666633,36137.0,747.0,3735.0,95.0
1568194252.1074314,36178.0,748.0,3735.0,96.0
1568194252.1490383,36219.0,749.0,3735.0,97.0
1568194252.189396,36260.0,750.0,3735.0,95.0
1568194252.2308633,36301.0,752.0,3735.0,94.0
1568194252.2717967,36342.0,750.0,3735.0,95.0
1568194252.312505,36383.0,750.0,3735.0,95.0
1568194252.3531651,36423.0,750.0,3735.0,97.0
1568194252.3942447,36464.0,750.0,3735.0,95.0
1568194252.435787,36506.0,750.0,3736.0,95.0
1568194252.477198,36547.0,751.0,3736.0,95.0
1568194252.51805,36588.0,752.0,3736.0,95.0
1568194252.5586915,36629.0,753.0,3736.0,94.0
1568194252.599074,36669.0,752.0,3736.0,97.0
1568194252.640606,36711.0,753.0,3736.0,95.0
1568194252.6818259,36752.0,753.0,3736.0,95.0
1568194252.721772,36792.0,754.0,3736.0,99.0
1568194252.762514,36833.0,754.0,3736.0,96.0
1568194252.8032463,36873.0,753.0,3736.0,97.0
1568194252.8448725,36915.0,753.0,3736.0,99.0
1568194252.8856854,36956.0,753.0,3736.0,98.0
1568194252.9258766,36996.0,752.0,3736.0,98.0
1568194252.9676185,37038.0,753.0,3736.0,94.0
1568194253.008066,37078.0,753.0,3736.0,96.0
1568194253.050137,37120.0,752.0,3736.0,95.0
1568194253.090425,37161.0,753.0,3736.0,94.0
1568194253.1312516,37201.0,753.0,3736.0,97.0
1568194253.1727545,37243.0,753.0,3736.0,95.0
1568194253.213047,37283.0,752.0,3736.0,98.0
1568194253.2544594,37325.0,753.0,3736.0,93.0
1568194253.295395,37366.0,752.0,3736.0,97.0
1568194253.335996,37406.0,753.0,3736.0,97.0
1568194253.3773813,37447.0,752.0,3736.0,96.0
1568194253.4181993,37488.0,753.0,3737.0,96.0
1568194253.4604743,37530.0,753.0,3737.0,95.0
1568194253.5009,37571.0,753.0,3737.0,97.0
1568194253.5409467,37612.0,753.0,3737.0,98.0
1568194253.5825403,37653.0,753.0,3737.0,98.0
1568194253.623358,37694.0,754.0,3737.0,94.0
1568194253.66524,37735.0,753.0,3737.0,97.0
1568194253.7052593,37776.0,751.0,3737.0,95.0
1568194253.7460132,37816.0,750.0,3737.0,99.0
1568194253.7870238,37857.0,750.0,3737.0,98.0
1568194253.8272815,37898.0,752.0,3737.0,97.0
1568194253.869058,37939.0,752.0,3737.0,94.0
1568194253.9095047,37980.0,749.0,3737.0,95.0
1568194253.950196,38020.0,754.0,3737.0,96.0
1568194253.9917758,38062.0,748.0,3737.0,98.0
1568194254.0324347,38103.0,747.0,3737.0,98.0
1568194254.0741296,38144.0,745.0,3737.0,99.0
1568194254.1145682,38185.0,746.0,3737.0,97.0
1568194254.1552305,38225.0,746.0,3737.0,98.0
1568194254.197066,38267.0,745.0,3737.0,95.0
1568194254.2373362,38308.0,745.0,3737.0,95.0
1568194254.2790403,38349.0,741.0,3737.0,100.0
1568194254.3194108,38390.0,741.0,3737.0,99.0
1568194254.3600287,38430.0,742.0,3737.0,95.0
1568194254.401262,38472.0,740.0,3737.0,96.0
1568194254.4427376,38512.0,739.0,3738.0,100.0
1568194254.484421,38554.0,738.0,3738.0,95.0
1568194254.525293,38595.0,738.0,3738.0,96.0
1568194254.5659611,38636.0,736.0,3738.0,92.0
1568194254.6062462,38676.0,735.0,3738.0,97.0
1568194254.6469724,38717.0,735.0,3738.0,96.0
1568194254.6882143,38758.0,734.0,3738.0,98.0
1568194254.7294364,38799.0,735.0,3738.0,96.0
1568194254.7702208,38840.0,735.0,3738.0,96.0
1568194254.811366,38881.0,735.0,3738.0,97.0
1568194254.8518724,38922.0,734.0,3738.0,99.0
1568194254.8937707,38963.0,734.0,3738.0,98.0
1568194254.9345236,39004.0,732.0,3738.0,98.0
1568194254.975017,39045.0,732.0,3738.0,99.0
1568194255.0162213,39086.0,732.0,3738.0,96.0
1568194255.0570261,39127.0,734.0,3738.0,95.0
1568194255.0985396,39168.0,734.0,3738.0,96.0
1568194255.1388135,39209.0,734.0,3738.0,97.0
1568194255.1797814,39250.0,734.0,3738.0,99.0
1568194255.2202587,39290.0,734.0,3738.0,97.0
1568194255.2608862,39331.0,734.0,3738.0,98.0
1568194255.302591,39372.0,734.0,3738.0,97.0
1568194255.3427827,39413.0,734.0,3738.0,98.0
1568194255.3850734,39455.0,735.0,3738.0,97.0
1568194255.4268563,39497.0,735.0,3739.0,97.0
1568194255.4687998,39538.0,735.0,3739.0,99.0
1568194255.5106983,39581.0,735.0,3739.0,97.0
1568194255.5519254,39622.0,735.0,3739.0,99.0
1568194255.593572,39663.0,735.0,3739.0,96.0
1568194255.6338801,39704.0,735.0,3739.0,98.0
1568194255.6747437,39745.0,735.0,3739.0,100.0
1568194255.7163098,39786.0,735.0,3739.0,97.0
1568194255.7570221,39827.0,735.0,3739.0,98.0
1568194255.7982492,39868.0,735.0,3739.0,101.0
1568194255.8386958,39909.0,735.0,3739.0,98.0
1568194255.8794372,39950.0,734.0,3739.0,99.0
1568194255.9213293,39991.0,734.0,3739.0,100.0
1568194255.9622686,40032.0,734.0,3739.0,99.0
1568194256.0038114,40074.0,734.0,3739.0,97.0
1568194256.0446484,40115.0,732.0,3739.0,98.0
1568194256.0850132,40155.0,732.0,3739.0,99.0
1568194256.1267252,40197.0,730.0,3739.0,96.0
1568194256.1674201,40237.0,729.0,3739.0,96.0
1568194256.2090337,40279.0,729.0,3739.0,99.0
1568194256.2494147,40320.0,729.0,3739.0,99.0
1568194256.29057,40360.0,729.0,3739.0,98.0
1568194256.3317864,40402.0,729.0,3739.0,97.0
1568194256.3725019,40442.0,729.0,3739.0,97.0
1568194256.4140964,40484.0,729.0,3739.0,98.0
1568194256.4547188,40525.0,729.0,3740.0,95.0
1568194256.4957414,40566.0,728.0,3740.0,101.0
1568194256.5373127,40607.0,728.0,3740.0,96.0
1568194256.5784695,40648.0,728.0,3740.0,98.0
1568194256.6197183,40690.0,728.0,3740.0,98.0
1568194256.6606364,40731.0,729.0,3740.0,95.0
1568194256.701,40771.0,729.0,3740.0,99.0
1568194256.7427154,40812.0,729.0,3740.0,97.0
1568194256.7831876,40853.0,729.0,3740.0,99.0
1568194256.8248162,40895.0,729.0,3740.0,95.0
1568194256.8656795,40935.0,729.0,3740.0,99.0
1568194256.9061034,40976.0,730.0,3740.0,96.0
1568194256.9472065,41017.0,732.0,3740.0,97.0
1568194256.988146,41058.0,732.0,3740.0,100.0
1568194257.0304303,41100.0,730.0,3740.0,96.0
1568194257.0707042,41141.0,732.0,3740.0,98.0
1568194257.1116054,41182.0,732.0,3740.0,98.0
1568194257.1527815,41223.0,732.0,3740.0,99.0
1568194257.1935508,41264.0,732.0,3740.0,94.0
1568194257.2350786,41305.0,732.0,3740.0,96.0
1568194257.2760386,41346.0,732.0,3740.0,100.0
1568194257.316518,41387.0,733.0,3740.0,98.0
1568194257.358361,41428.0,732.0,3740.0,100.0
1568194257.3986933,41469.0,732.0,3740.0,95.0
1568194257.4402273,41510.0,733.0,3741.0,98.0
1568194257.4819446,41551.0,734.0,3741.0,96.0
1568194257.52253,41592.0,734.0,3741.0,98.0
1568194257.5638409,41634.0,734.0,3741.0,96.0
1568194257.6043315,41675.0,734.0,3741.0,96.0
1568194257.6469142,41716.0,735.0,3741.0,100.0
1568194257.6870198,41757.0,734.0,3741.0,95.0
1568194257.7278736,41798.0,735.0,3741.0,96.0
1568194257.7690325,41839.0,735.0,3741.0,100.0
1568194257.8102236,41880.0,732.0,3741.0,98.0
1568194257.851398,41921.0,732.0,3741.0,95.0
1568194257.8923504,41962.0,732.0,3741.0,99.0
1568194257.9326062,42003.0,732.0,3741.0,96.0
1568194257.9745233,42044.0,732.0,3741.0,99.0
1568194258.0148613,42085.0,732.0,3741.0,97.0
1568194258.0564938,42126.0,733.0,3741.0,96.0
1568194258.0966516,42167.0,732.0,3741.0,97.0
1568194258.1370387,42208.0,732.0,3741.0,98.0
1568194258.1788309,42249.0,732.0,3741.0,101.0
1568194258.2193568,42290.0,733.0,3741.0,96.0
1568194258.2606156,42331.0,733.0,3741.0,98.0
1568194258.301528,42372.0,732.0,3741.0,98.0
1568194258.3422968,42413.0,733.0,3741.0,98.0
1568194258.3834693,42454.0,735.0,3741.0,98.0
1568194258.424642,42495.0,734.0,3742.0,102.0
1568194258.4665196,42537.0,735.0,3742.0,97.0
1568194258.506748,42578.0,735.0,3742.0,97.0
1568194258.5478668,42618.0,735.0,3742.0,100.0
1568194258.5896213,42660.0,734.0,3742.0,98.0
1568194258.6304576,42701.0,734.0,3742.0,96.0
1568194258.6721866,42742.0,735.0,3742.0,97.0
1568194258.7126272,42783.0,734.0,3742.0,96.0
1568194258.7533505,42824.0,735.0,3742.0,95.0
1568194258.7947118,42865.0,735.0,3742.0,95.0
1568194258.835569,42906.0,735.0,3742.0,96.0
1568194258.876833,42947.0,735.0,3742.0,98.0
1568194258.9176638,42988.0,735.0,3742.0,96.0
1568194258.9585147,43029.0,735.0,3742.0,98.0
1568194258.999907,43070.0,735.0,3742.0,97.0
1568194259.0404544,43111.0,735.0,3742.0,99.0
1568194259.0819438,43152.0,735.0,3742.0,94.0
1568194259.1227174,43193.0,735.0,3742.0,95.0
1568194259.1635573,43234.0,736.0,3742.0,101.0
1568194259.2048602,43275.0,735.0,3742.0,98.0
1568194259.2455075,43316.0,735.0,3742.0,95.0
1568194259.2867167,43357.0,735.0,3742.0,99.0
1568194259.3275464,43398.0,735.0,3742.0,97.0
1568194259.368245,43439.0,735.0,3742.0,99.0
1568194259.409494,43480.0,735.0,3742.0,97.0
1568194259.4506123,43521.0,736.0,3743.0,96.0
1568194259.4925437,43563.0,736.0,3743.0,96.0
1568194259.5332606,43604.0,736.0,3743.0,93.0
1568194259.5738606,43644.0,736.0,3743.0,94.0
1568194259.6154828,43686.0,736.0,3743.0,97.0
1568194259.6559918,43727.0,736.0,3743.0,97.0
1568194259.69751,43768.0,737.0,3743.0,95.0
1568194259.7378643,43809.0,737.0,3743.0,95.0
1568194259.778647,43849.0,738.0,3743.0,93.0
1568194259.8200154,43891.0,737.0,3743.0,96.0
1568194259.8607728,43931.0,737.0,3743.0,93.0
1568194259.9021492,43973.0,736.0,3743.0,96.0
1568194259.9432437,44014.0,734.0,3743.0,97.0
1568194259.9836779,44054.0,727.0,3743.0,97.0
1568194260.0251615,44096.0,711.0,3743.0,98.0
1568194260.065793,44137.0,694.0,3743.0,98.0
1568194260.1076376,44178.0,681.0,3743.0,100.0
1568194260.1480808,44219.0,673.0,3743.0,99.0
1568194260.18876,44259.0,667.0,3743.0,108.0
1568194260.2302651,44301.0,664.0,3743.0,116.0
1568194260.270884,44341.0,657.0,3743.0,124.0
1568194260.3125226,44383.0,652.0,3743.0,142.0
1568194260.35306,44424.0,645.0,3743.0,163.0
1568194260.3938088,44464.0,643.0,3743.0,200.0
1568194260.4354343,44505.0,642.0,3744.0,238.0
1568194260.476707,44547.0,643.0,3744.0,261.0
1568194260.518424,44589.0,642.0,3744.0,239.0
1568194260.5593927,44629.0,642.0,3744.0,217.0
1568194260.5995677,44670.0,641.0,3744.0,186.0
1568194260.6409802,44711.0,640.0,3744.0,158.0
1568194260.681714,44752.0,640.0,3744.0,135.0
1568194260.723317,44793.0,639.0,3744.0,117.0
1568194260.764438,44835.0,638.0,3744.0,102.0
1568194260.8046427,44875.0,636.0,3744.0,94.0
1568194260.8464916,44917.0,632.0,3744.0,92.0
1568194260.8873103,44958.0,629.0,3744.0,94.0
1568194260.9285398,44999.0,628.0,3744.0,96.0
1568194260.969368,45040.0,627.0,3744.0,92.0
1568194261.0097034,45080.0,631.0,3744.0,93.0
1568194261.0515285,45122.0,651.0,3744.0,87.0
1568194261.092273,45163.0,694.0,3744.0,85.0
1568194261.133614,45204.0,726.0,3744.0,87.0
1568194261.1745086,45245.0,745.0,3744.0,87.0
1568194261.2147672,45285.0,747.0,3744.0,86.0
1568194261.2561367,45327.0,753.0,3744.0,88.0
1568194261.2969863,45368.0,764.0,3744.0,87.0
1568194261.3388367,45409.0,764.0,3744.0,88.0
1568194261.3792348,45450.0,768.0,3744.0,85.0
1568194261.419825,45490.0,772.0,3745.0,86.0
1568194261.4614544,45532.0,775.0,3745.0,88.0
1568194261.5031426,45573.0,782.0,3745.0,88.0
1568194261.5447628,45615.0,784.0,3745.0,86.0
1568194261.5855463,45656.0,784.0,3745.0,84.0
1568194261.626645,45697.0,783.0,3745.0,85.0
1568194261.6685243,45739.0,783.0,3745.0,84.0
1568194261.7092245,45780.0,784.0,3745.0,85.0
1568194261.750522,45821.0,783.0,3745.0,84.0
1568194261.7912328,45862.0,780.0,3745.0,86.0
1568194261.832014,45902.0,776.0,3745.0,85.0
1568194261.873499,45944.0,773.0,3745.0,88.0
1568194261.9143434,45985.0,766.0,3745.0,85.0
1568194261.9556491,46026.0,757.0,3745.0,88.0
1568194261.9970632,46067.0,739.0,3745.0,86.0
1568194262.0373676,46108.0,721.0,3745.0,87.0
1568194262.0790498,46149.0,708.0,3745.0,92.0
1568194262.1198163,46190.0,693.0,3745.0,92.0
1568194262.1609766,46231.0,682.0,3745.0,91.0
1568194262.2017438,46272.0,674.0,3745.0,94.0
1568194262.2426162,46312.0,662.0,3745.0,98.0
1568194262.2836504,46354.0,656.0,3745.0,99.0
1568194262.3248606,46395.0,653.0,3745.0,108.0
1568194262.3666465,46436.0,646.0,3745.0,118.0
1568194262.4068537,46477.0,644.0,3745.0,128.0
1568194262.447872,46517.0,642.0,3746.0,151.0
1568194262.489325,46559.0,637.0,3746.0,176.0
1568194262.5304,46600.0,626.0,3746.0,206.0
1568194262.5725203,46642.0,608.0,3746.0,269.0
1568194262.6133468,46683.0,598.0,3746.0,299.0
1568194262.653659,46724.0,606.0,3746.0,319.0
1568194262.6952486,46765.0,616.0,3746.0,310.0
1568194262.7357428,46806.0,616.0,3746.0,351.0
1568194262.777198,46847.0,617.0,3746.0,347.0
1568194262.8181257,46888.0,617.0,3746.0,256.0
1568194262.858441,46929.0,616.0,3746.0,197.0
1568194262.9009194,46970.0,616.0,3746.0,161.0
1568194262.9411995,47011.0,618.0,3746.0,128.0
1568194262.9826853,47053.0,616.0,3746.0,112.0
1568194263.0236082,47093.0,615.0,3746.0,99.0
1568194263.0636714,47134.0,614.0,3746.0,97.0
1568194263.1051657,47175.0,614.0,3746.0,98.0
1568194263.1463761,47216.0,614.0,3746.0,97.0
1568194263.1876464,47258.0,610.0,3746.0,100.0
1568194263.2284293,47298.0,610.0,3746.0,109.0
1568194263.2689614,47339.0,609.0,3746.0,115.0
1568194263.3106544,47380.0,609.0,3746.0,117.0
1568194263.3511674,47421.0,609.0,3746.0,120.0
1568194263.3927186,47463.0,608.0,3746.0,116.0
1568194263.433977,47504.0,607.0,3747.0,111.0
1568194263.4750907,47545.0,608.0,3747.0,101.0
1568194263.5162878,47586.0,608.0,3747.0,94.0
1568194263.5573545,47627.0,681.0,3747.0,89.0
1568194263.5991652,47669.0,738.0,3747.0,83.0
1568194263.6395466,47710.0,768.0,3747.0,87.0
1568194263.680757,47751.0,772.0,3747.0,89.0
1568194263.7210128,47791.0,777.0,3747.0,89.0
1568194263.761842,47832.0,786.0,3747.0,89.0
1568194263.8038244,47874.0,793.0,3747.0,91.0
1568194263.8444743,47914.0,792.0,3747.0,88.0
1568194263.8851535,47955.0,780.0,3747.0,88.0
1568194263.9259422,47996.0,760.0,3747.0,90.0
1568194263.9661815,48036.0,729.0,3747.0,93.0
1568194264.0076067,48078.0,706.0,3747.0,90.0
1568194264.0483959,48119.0,688.0,3747.0,94.0
1568194264.0895681,48159.0,674.0,3747.0,93.0
1568194264.129762,48200.0,663.0,3747.0,93.0
1568194264.1702285,48241.0,657.0,3747.0,97.0
1568194264.2123733,48282.0,653.0,3747.0,100.0
1568194264.2523878,48323.0,648.0,3747.0,105.0
1568194264.2931173,48363.0,649.0,3747.0,109.0
1568194264.3346517,48405.0,652.0,3747.0,124.0
1568194264.3755012,48445.0,648.0,3747.0,144.0
1568194264.416648,48487.0,642.0,3747.0,171.0
1568194264.4575112,48528.0,627.0,3748.0,211.0
1568194264.4989004,48569.0,624.0,3748.0,264.0
1568194264.5396307,48610.0,629.0,3748.0,312.0
1568194264.5803795,48650.0,629.0,3748.0,299.0
1568194264.621741,48692.0,632.0,3748.0,238.0
1568194264.6626513,48733.0,629.0,3748.0,177.0
1568194264.7034097,48773.0,630.0,3748.0,136.0
1568194264.7446795,48815.0,629.0,3748.0,116.0
1568194264.786046,48855.0,629.0,3748.0,112.0
1568194264.8277514,48897.0,629.0,3748.0,118.0
1568194264.8688488,48938.0,629.0,3748.0,121.0
1568194264.908647,48979.0,628.0,3748.0,116.0
1568194264.9494865,49019.0,631.0,3748.0,113.0
1568194264.990306,49060.0,628.0,3748.0,97.0
1568194265.031254,49101.0,663.0,3748.0,91.0
1568194265.072003,49142.0,728.0,3748.0,83.0
1568194265.113138,49183.0,765.0,3748.0,82.0
1568194265.1538434,49224.0,780.0,3748.0,84.0
1568194265.1939404,49264.0,800.0,3748.0,82.0
1568194265.2355232,49305.0,806.0,3748.0,81.0
1568194265.2765086,49346.0,812.0,3748.0,82.0
1568194265.3168359,49387.0,814.0,3748.0,83.0
1568194265.3581853,49428.0,813.0,3748.0,85.0
1568194265.3989613,49469.0,811.0,3748.0,88.0
1568194265.4408207,49510.0,806.0,3749.0,88.0
1568194265.4817846,49552.0,798.0,3749.0,84.0
1568194265.5224833,49593.0,790.0,3749.0,87.0
1568194265.5634468,49633.0,764.0,3749.0,89.0
1568194265.603668,49674.0,728.0,3749.0,93.0
1568194265.6451235,49715.0,700.0,3749.0,92.0
1568194265.686647,49756.0,680.0,3749.0,102.0
1568194265.7266865,49797.0,672.0,3749.0,108.0
1568194265.768371,49838.0,664.0,3749.0,120.0
1568194265.8096004,49879.0,653.0,3749.0,139.0
1568194265.85102,49921.0,648.0,3749.0,171.0
1568194265.8916862,49962.0,618.0,3749.0,297.0
1568194265.9324954,50002.0,545.0,3749.0,8191.0
1568194265.9735544,50043.0,577.0,3749.0,8191.0
1568194266.0138907,50084.0,579.0,3749.0,8191.0
1568194266.055454,50125.0,582.0,3749.0,8191.0
1568194266.0963738,50166.0,588.0,3749.0,453.0
1568194266.136384,50207.0,585.0,3749.0,281.0
1568194266.177251,50247.0,586.0,3749.0,179.0
1568194266.2178042,50288.0,589.0,3749.0,125.0
1568194266.2588935,50329.0,589.0,3749.0,98.0
1568194266.3000803,50370.0,585.0,3749.0,104.0
1568194266.340425,50410.0,595.0,3749.0,111.0
1568194266.3818717,50452.0,586.0,3749.0,99.0
1568194266.4225829,50493.0,582.0,3750.0,87.0
1568194266.4643345,50534.0,728.0,3750.0,79.0
1568194266.5054102,50575.0,789.0,3750.0,73.0
1568194266.546182,50616.0,805.0,3750.0,77.0
1568194266.58783,50658.0,812.0,3750.0,81.0
1568194266.6286743,50699.0,819.0,3750.0,83.0
1568194266.6704707,50740.0,818.0,3750.0,84.0
1568194266.7109826,50781.0,812.0,3750.0,81.0
1568194266.751404,50822.0,799.0,3750.0,88.0
1568194266.7919595,50862.0,782.0,3750.0,88.0
1568194266.8331852,50903.0,742.0,3750.0,86.0
1568194266.87425,50944.0,715.0,3750.0,90.0
1568194266.9151907,50985.0,676.0,3750.0,96.0
1568194266.955971,51026.0,661.0,3750.0,98.0
1568194266.9976406,51067.0,653.0,3750.0,108.0
1568194267.0383372,51108.0,645.0,3750.0,121.0
1568194267.079557,51149.0,634.0,3750.0,140.0
1568194267.1199834,51190.0,630.0,3750.0,200.0
1568194267.1607249,51231.0,584.0,3750.0,360.0
1568194267.2014894,51271.0,507.0,3750.0,8191.0
1568194267.241879,51312.0,572.0,3750.0,384.0
1568194267.283244,51353.0,569.0,3750.0,504.0
1568194267.324167,51394.0,569.0,3750.0,536.0
1568194267.3647943,51435.0,568.0,3750.0,8191.0
1568194267.4066346,51476.0,567.0,3750.0,304.0
1568194267.4469047,51517.0,568.0,3751.0,181.0
1568194267.4891007,51559.0,569.0,3751.0,121.0
1568194267.529763,51600.0,569.0,3751.0,100.0
1568194267.5701637,51640.0,567.0,3751.0,98.0
1568194267.6111875,51681.0,567.0,3751.0,102.0
1568194267.6514654,51722.0,567.0,3751.0,90.0
1568194267.6931064,51763.0,658.0,3751.0,81.0
1568194267.7334535,51804.0,754.0,3751.0,78.0
1568194267.7747254,51844.0,788.0,3751.0,81.0
1568194267.8164685,51886.0,797.0,3751.0,82.0
1568194267.8570895,51927.0,804.0,3751.0,84.0
1568194267.8985016,51969.0,807.0,3751.0,86.0
1568194267.9391458,52009.0,807.0,3751.0,84.0
1568194267.9799469,52050.0,801.0,3751.0,84.0
1568194268.0211475,52091.0,794.0,3751.0,90.0
1568194268.0614455,52131.0,774.0,3751.0,95.0
1568194268.1034293,52173.0,740.0,3751.0,93.0
1568194268.143898,52214.0,716.0,3751.0,93.0
1568194268.1843245,52255.0,675.0,3751.0,98.0
1568194268.2253995,52295.0,658.0,3751.0,105.0
1568194268.2663312,52336.0,648.0,3751.0,114.0
1568194268.307226,52377.0,634.0,3751.0,137.0
1568194268.348084,52418.0,634.0,3751.0,185.0
1568194268.3887224,52459.0,610.0,3751.0,335.0
1568194268.4307427,52500.0,523.0,3752.0,8191.0
1568194268.4535506,52541.0,550.0,3752.0,-1.0
1568194268.4959466,52565.0,567.0,3752.0,8191.0
1568194268.518758,52606.0,564.0,3752.0,-1.0
1568194268.560011,52630.0,562.0,3752.0,8191.0
1568194268.6017628,52671.0,562.0,3752.0,8191.0
1568194268.641796,52712.0,562.0,3752.0,291.0
1568194268.6827292,52752.0,562.0,3752.0,186.0
1568194268.7242699,52794.0,564.0,3752.0,126.0
1568194268.7647817,52835.0,566.0,3752.0,100.0
1568194268.8060188,52876.0,564.0,3752.0,94.0
1568194268.8466187,52917.0,561.0,3752.0,98.0
1568194268.8871822,52957.0,562.0,3752.0,94.0
1568194268.9285738,52999.0,626.0,3752.0,83.0
1568194268.9701574,53040.0,741.0,3752.0,76.0
1568194269.0117433,53081.0,812.0,3752.0,79.0
1568194269.052172,53122.0,814.0,3752.0,83.0
1568194269.092933,53163.0,819.0,3752.0,77.0
1568194269.1343074,53204.0,822.0,3752.0,84.0
1568194269.1750913,53245.0,824.0,3752.0,81.0
1568194269.2169087,53286.0,819.0,3752.0,85.0
1568194269.257232,53327.0,811.0,3752.0,85.0
1568194269.2981455,53368.0,797.0,3752.0,87.0
1568194269.3390067,53409.0,774.0,3752.0,90.0
1568194269.380106,53450.0,738.0,3752.0,88.0
1568194269.4212582,53491.0,703.0,3753.0,95.0
1568194269.4625282,53532.0,667.0,3753.0,95.0
1568194269.5040963,53574.0,654.0,3753.0,104.0
1568194269.5454364,53615.0,644.0,3753.0,117.0
1568194269.586454,53656.0,637.0,3753.0,146.0
1568194269.6276171,53697.0,629.0,3753.0,209.0
1568194269.6684382,53738.0,573.0,3753.0,381.0
1568194269.7088656,53779.0,505.0,3753.0,8191.0
1568194269.7506502,53820.0,568.0,3753.0,8191.0
1568194269.7911947,53861.0,566.0,3753.0,8191.0
1568194269.8326395,53902.0,565.0,3753.0,8191.0
1568194269.872755,53943.0,562.0,3753.0,-1.0
1568194269.9143891,53984.0,562.0,3753.0,251.0
1568194269.9554524,54025.0,564.0,3753.0,153.0
1568194269.9961684,54066.0,566.0,3753.0,106.0
1568194270.0377479,54108.0,561.0,3753.0,96.0
1568194270.0786061,54149.0,559.0,3753.0,93.0
1568194270.118955,54189.0,559.0,3753.0,90.0
1568194270.1609547,54231.0,618.0,3753.0,80.0
1568194270.2015977,54271.0,740.0,3753.0,77.0
1568194270.2429495,54313.0,786.0,3753.0,84.0
1568194270.2832718,54354.0,795.0,3753.0,84.0
1568194270.3239784,54394.0,800.0,3753.0,82.0
1568194270.3658597,54436.0,805.0,3753.0,85.0
1568194270.4066567,54476.0,807.0,3753.0,84.0
1568194270.447482,54518.0,806.0,3754.0,88.0
1568194270.4893188,54559.0,805.0,3754.0,87.0
1568194270.530145,54600.0,795.0,3754.0,89.0
1568194270.5714655,54641.0,784.0,3754.0,88.0
1568194270.6122189,54682.0,758.0,3754.0,96.0
1568194270.6536164,54724.0,722.0,3754.0,94.0
1568194270.6945808,54764.0,681.0,3754.0,102.0
1568194270.7353194,54805.0,663.0,3754.0,106.0
1568194270.7769825,54847.0,651.0,3754.0,119.0
1568194270.8181136,54888.0,640.0,3754.0,146.0
1568194270.8602047,54930.0,634.0,3754.0,208.0
1568194270.9010022,54970.0,589.0,3754.0,399.0
1568194270.9413238,55011.0,521.0,3754.0,8191.0
1568194270.983062,55053.0,573.0,3754.0,8191.0
1568194271.0231938,55093.0,570.0,3754.0,-1.0
1568194271.0477002,55135.0,572.0,3754.0,-1.0
1568194271.088317,55158.0,571.0,3754.0,8191.0
1568194271.1289036,55199.0,570.0,3754.0,308.0
1568194271.1705372,55240.0,570.0,3754.0,185.0
1568194271.210845,55281.0,570.0,3754.0,123.0
1568194271.2513597,55322.0,571.0,3754.0,97.0
1568194271.2929425,55363.0,569.0,3754.0,89.0
1568194271.333301,55404.0,567.0,3754.0,94.0
1568194271.3750408,55445.0,567.0,3754.0,85.0
1568194271.4163103,55486.0,626.0,3754.0,80.0
1568194271.4566436,55527.0,739.0,3755.0,77.0
1568194271.4986382,55568.0,788.0,3755.0,77.0
1568194271.539294,55609.0,807.0,3755.0,81.0
1568194271.580831,55651.0,813.0,3755.0,80.0
1568194271.6212819,55692.0,821.0,3755.0,82.0
1568194271.6625037,55732.0,820.0,3755.0,83.0
1568194271.7034962,55773.0,821.0,3755.0,83.0
1568194271.744293,55814.0,821.0,3755.0,83.0
1568194271.7855232,55856.0,820.0,3755.0,86.0
1568194271.826304,55896.0,812.0,3755.0,87.0
1568194271.8667862,55937.0,809.0,3755.0,88.0
1568194271.9074547,55978.0,788.0,3755.0,88.0
1568194271.9482243,56018.0,747.0,3755.0,88.0
1568194271.9900753,56060.0,711.0,3755.0,93.0
1568194272.030362,56101.0,682.0,3755.0,99.0
1568194272.071143,56141.0,665.0,3755.0,113.0
1568194272.11209,56182.0,653.0,3755.0,129.0
1568194272.1528103,56222.0,649.0,3755.0,163.0
1568194272.1941197,56264.0,609.0,3755.0,258.0
1568194272.234826,56305.0,535.0,3755.0,8191.0
1568194272.2757516,56345.0,582.0,3755.0,8191.0
1568194272.316992,56387.0,581.0,3755.0,8191.0
1568194272.3582666,56427.0,582.0,3755.0,8191.0
1568194272.398895,56469.0,581.0,3755.0,396.0
1568194272.4396708,56510.0,581.0,3756.0,246.0
1568194272.4802394,56550.0,581.0,3756.0,168.0
1568194272.5225284,56592.0,580.0,3756.0,117.0
1568194272.5627375,56633.0,579.0,3756.0,99.0
1568194272.6041656,56674.0,580.0,3756.0,95.0
1568194272.6448789,56715.0,580.0,3756.0,94.0
1568194272.6859899,56756.0,579.0,3756.0,98.0
1568194272.7273684,56797.0,579.0,3756.0,86.0
1568194272.7682073,56838.0,673.0,3756.0,82.0
1568194272.8092244,56879.0,754.0,3756.0,78.0
1568194272.8500378,56920.0,784.0,3756.0,81.0
1568194272.8909907,56961.0,800.0,3756.0,79.0
1568194272.9326518,57002.0,812.0,3756.0,80.0
1568194272.9731927,57043.0,831.0,3756.0,84.0
1568194273.0146441,57085.0,830.0,3756.0,86.0
1568194273.0553677,57126.0,831.0,3756.0,91.0
1568194273.0961578,57166.0,825.0,3756.0,90.0
1568194273.1380088,57207.0,822.0,3756.0,93.0
1568194273.1782367,57248.0,820.0,3756.0,95.0
1568194273.219704,57290.0,814.0,3756.0,94.0
1568194273.2604873,57331.0,807.0,3756.0,96.0
1568194273.3008869,57371.0,795.0,3756.0,98.0
1568194273.3426635,57412.0,766.0,3756.0,101.0
1568194273.3835876,57453.0,721.0,3756.0,101.0
1568194273.424904,57495.0,687.0,3757.0,114.0
1568194273.4660366,57535.0,672.0,3757.0,136.0
1568194273.507012,57577.0,663.0,3757.0,180.0
1568194273.5486956,57618.0,633.0,3757.0,301.0
1568194273.5901294,57659.0,625.0,3757.0,481.0
1568194273.6315155,57701.0,625.0,3757.0,8191.0
1568194273.6719584,57742.0,622.0,3757.0,475.0
1568194273.7123737,57783.0,625.0,3757.0,382.0
1568194273.754723,57824.0,622.0,3757.0,285.0
1568194273.7948327,57865.0,619.0,3757.0,200.0
1568194273.837087,57907.0,617.0,3757.0,160.0
1568194273.8773723,57947.0,616.0,3757.0,128.0
1568194273.9180787,57988.0,617.0,3757.0,119.0
1568194273.9602764,58030.0,614.0,3757.0,112.0
1568194274.0003319,58070.0,612.0,3757.0,112.0
1568194274.0419917,58112.0,609.0,3757.0,107.0
1568194274.0826333,58153.0,608.0,3757.0,91.0
1568194274.1229525,58193.0,620.0,3757.0,87.0
1568194274.1647484,58235.0,715.0,3757.0,85.0
1568194274.205502,58275.0,768.0,3757.0,83.0
1568194274.2467477,58317.0,788.0,3757.0,87.0
1568194274.287377,58357.0,802.0,3757.0,90.0
1568194274.3283558,58398.0,814.0,3757.0,89.0
1568194274.3692918,58439.0,820.0,3757.0,89.0
1568194274.410107,58480.0,822.0,3757.0,91.0
1568194274.4516752,58522.0,822.0,3758.0,93.0
1568194274.492911,58563.0,821.0,3758.0,88.0
1568194274.5340824,58604.0,813.0,3758.0,95.0
1568194274.5746498,58645.0,807.0,3758.0,97.0
1568194274.6151292,58685.0,794.0,3758.0,98.0
1568194274.657852,58727.0,759.0,3758.0,101.0
1568194274.6984868,58768.0,714.0,3758.0,103.0
1568194274.738556,58808.0,692.0,3758.0,112.0
1568194274.7792199,58849.0,674.0,3758.0,126.0
1568194274.8197205,58890.0,676.0,3758.0,155.0
1568194274.8613002,58931.0,657.0,3758.0,248.0
1568194274.902133,58972.0,616.0,3758.0,8191.0
1568194274.9426408,59012.0,620.0,3758.0,-1.0
1568194274.9838684,59054.0,618.0,3758.0,-1.0
1568194275.0254736,59095.0,615.0,3758.0,8191.0
1568194275.0654092,59135.0,616.0,3758.0,416.0
1568194275.1061058,59176.0,614.0,3758.0,246.0
1568194275.146657,59217.0,614.0,3758.0,174.0
1568194275.1882443,59258.0,610.0,3758.0,124.0
1568194275.228567,59299.0,609.0,3758.0,96.0
1568194275.270506,59340.0,608.0,3758.0,92.0
1568194275.310884,59381.0,605.0,3758.0,98.0
1568194275.351182,59421.0,603.0,3758.0,90.0
1568194275.3934338,59463.0,621.0,3758.0,80.0
1568194275.4333513,59504.0,724.0,3759.0,81.0
1568194275.475354,59545.0,792.0,3759.0,77.0
1568194275.5166068,59586.0,807.0,3759.0,84.0
1568194275.5573006,59627.0,812.0,3759.0,83.0
1568194275.5987015,59669.0,823.0,3759.0,84.0
1568194275.6398838,59710.0,824.0,3759.0,85.0
1568194275.6811635,59751.0,824.0,3759.0,92.0
1568194275.7224538,59792.0,822.0,3759.0,91.0
1568194275.7626967,59833.0,816.0,3759.0,90.0
1568194275.8030946,59873.0,806.0,3759.0,92.0
1568194275.8439276,59914.0,798.0,3759.0,95.0
1568194275.8860812,59955.0,771.0,3759.0,99.0
1568194275.9263954,59996.0,717.0,3759.0,105.0
1568194275.9670856,60037.0,685.0,3759.0,112.0
1568194276.0074756,60078.0,672.0,3759.0,139.0
1568194276.0484226,60118.0,667.0,3759.0,181.0
1568194276.0897582,60160.0,643.0,3759.0,334.0
1568194276.1304066,60200.0,593.0,3759.0,8191.0
1568194276.1707747,60241.0,610.0,3759.0,-1.0
1568194276.1949775,60282.0,608.0,3759.0,-1.0
1568194276.218587,60306.0,607.0,3759.0,-1.0
1568194276.2593498,60329.0,605.0,3759.0,8191.0
1568194276.3004687,60370.0,603.0,3759.0,358.0
1568194276.341159,60411.0,602.0,3759.0,223.0
1568194276.3826196,60452.0,601.0,3759.0,142.0
1568194276.4233804,60493.0,600.0,3760.0,105.0
1568194276.464135,60534.0,600.0,3760.0,90.0
1568194276.5058708,60576.0,597.0,3760.0,93.0
1568194276.5462687,60617.0,607.0,3760.0,92.0
1568194276.5881147,60658.0,694.0,3760.0,87.0
1568194276.6286945,60699.0,776.0,3760.0,84.0
1568194276.6700218,60740.0,805.0,3760.0,87.0
1568194276.711507,60781.0,806.0,3760.0,87.0
1568194276.752018,60822.0,814.0,3760.0,86.0
1568194276.7935095,60863.0,820.0,3760.0,88.0
1568194276.834638,60904.0,816.0,3760.0,88.0
1568194276.8752527,60945.0,805.0,3760.0,90.0
1568194276.917144,60987.0,788.0,3760.0,93.0
1568194276.9578538,61028.0,754.0,3760.0,95.0
1568194276.9992092,61069.0,726.0,3760.0,97.0
1568194277.0400686,61110.0,693.0,3760.0,99.0
1568194277.0807023,61151.0,672.0,3760.0,102.0
1568194277.12225,61192.0,656.0,3760.0,110.0
1568194277.163014,61233.0,643.0,3760.0,118.0
1568194277.2043202,61274.0,630.0,3760.0,139.0
1568194277.2451065,61315.0,630.0,3760.0,183.0
1568194277.285846,61356.0,616.0,3760.0,304.0
1568194277.3272502,61397.0,543.0,3760.0,8191.0
1568194277.3506265,61438.0,572.0,3760.0,-1.0
1568194277.3914232,61461.0,578.0,3760.0,8191.0
1568194277.4151964,61502.0,576.0,3761.0,-1.0
1568194277.4567163,61526.0,574.0,3761.0,8191.0
1568194277.4972963,61567.0,572.0,3761.0,-1.0
1568194277.5395386,61609.0,571.0,3761.0,298.0
1568194277.5801976,61650.0,571.0,3761.0,194.0
1568194277.621509,61691.0,570.0,3761.0,138.0
1568194277.6623218,61732.0,571.0,3761.0,112.0
1568194277.702641,61773.0,570.0,3761.0,107.0
1568194277.7441056,61814.0,569.0,3761.0,106.0
1568194277.7853463,61855.0,568.0,3761.0,103.0
1568194277.826263,61896.0,567.0,3761.0,89.0
1568194277.8670764,61937.0,652.0,3761.0,82.0
1568194277.9078236,61978.0,744.0,3761.0,78.0
1568194277.9494407,62019.0,797.0,3761.0,79.0
1568194277.989983,62060.0,808.0,3761.0,81.0
1568194278.031369,62101.0,820.0,3761.0,84.0
1568194278.072547,62142.0,831.0,3761.0,81.0
1568194278.112466,62183.0,830.0,3761.0,89.0
1568194278.1546206,62224.0,824.0,3761.0,87.0
1568194278.1947052,62265.0,810.0,3761.0,90.0
1568194278.2360365,62306.0,795.0,3761.0,92.0
1568194278.276771,62347.0,772.0,3761.0,93.0
1568194278.3175342,62388.0,725.0,3761.0,96.0
1568194278.3593104,62429.0,691.0,3761.0,102.0
1568194278.3999808,62470.0,668.0,3761.0,103.0
1568194278.4411807,62511.0,656.0,3762.0,114.0
1568194278.4823859,62552.0,645.0,3762.0,138.0
1568194278.5235398,62593.0,642.0,3762.0,192.0
1568194278.5651758,62635.0,620.0,3762.0,322.0
1568194278.6062288,62676.0,545.0,3762.0,8191.0
1568194278.6478684,62717.0,581.0,3762.0,1017.0
1568194278.6883776,62758.0,579.0,3762.0,8191.0
1568194278.7288103,62799.0,580.0,3762.0,8191.0
1568194278.7701533,62840.0,578.0,3762.0,-1.0
1568194278.8109176,62881.0,577.0,3762.0,261.0
1568194278.8527892,62922.0,577.0,3762.0,172.0
1568194278.8931236,62963.0,576.0,3762.0,119.0
1568194278.9334207,63004.0,573.0,3762.0,99.0
1568194278.9750433,63045.0,571.0,3762.0,99.0
1568194279.0155776,63086.0,569.0,3762.0,97.0
1568194279.0570204,63127.0,568.0,3762.0,89.0
1568194279.0982413,63168.0,701.0,3762.0,80.0
1568194279.1386266,63209.0,787.0,3762.0,84.0
1568194279.1799192,63250.0,816.0,3762.0,85.0
1568194279.2211332,63291.0,817.0,3762.0,85.0
1568194279.2625766,63332.0,820.0,3762.0,85.0
1568194279.302831,63373.0,822.0,3762.0,89.0
1568194279.3434737,63413.0,820.0,3762.0,85.0
1568194279.38551,63455.0,818.0,3762.0,89.0
1568194279.4256115,63496.0,814.0,3763.0,92.0
1568194279.4671743,63537.0,807.0,3763.0,91.0
1568194279.5090716,63578.0,793.0,3763.0,92.0
1568194279.549016,63619.0,754.0,3763.0,93.0
1568194279.5909564,63661.0,705.0,3763.0,95.0
1568194279.63144,63701.0,668.0,3763.0,102.0
1568194279.6729777,63743.0,655.0,3763.0,111.0
1568194279.7140808,63784.0,642.0,3763.0,128.0
1568194279.7544725,63824.0,637.0,3763.0,162.0
1568194279.7957854,63866.0,612.0,3763.0,258.0
1568194279.8366416,63906.0,553.0,3763.0,550.0
1568194279.8784912,63948.0,592.0,3763.0,8191.0
1568194279.918981,63989.0,591.0,3763.0,8191.0
1568194279.959484,64029.0,589.0,3763.0,398.0
1568194280.0015035,64071.0,588.0,3763.0,319.0
1568194280.042057,64112.0,585.0,3763.0,225.0
1568194280.0837698,64153.0,581.0,3763.0,164.0
1568194280.1246202,64194.0,579.0,3763.0,126.0
1568194280.1649668,64235.0,579.0,3763.0,113.0
1568194280.2063315,64276.0,578.0,3763.0,108.0
1568194280.2470312,64317.0,579.0,3763.0,105.0
1568194280.2889552,64358.0,674.0,3763.0,88.0
1568194280.3296044,64399.0,759.0,3763.0,85.0
1568194280.369996,64440.0,800.0,3763.0,85.0
1568194280.4116135,64481.0,806.0,3763.0,90.0
1568194280.4520965,64522.0,806.0,3764.0,89.0
1568194280.4936848,64563.0,798.0,3764.0,92.0
1568194280.535153,64605.0,777.0,3764.0,95.0
1568194280.5759814,64646.0,724.0,3764.0,92.0
1568194280.6161077,64686.0,684.0,3764.0,94.0
1568194280.6571705,64727.0,662.0,3764.0,96.0
1568194280.6985073,64768.0,646.0,3764.0,103.0
1568194280.7390428,64809.0,637.0,3764.0,105.0
1568194280.7805238,64850.0,631.0,3764.0,110.0
1568194280.8210843,64891.0,627.0,3764.0,114.0
1568194280.8616624,64931.0,622.0,3764.0,124.0
1568194280.9032204,64973.0,620.0,3764.0,135.0
1568194280.9437504,65014.0,614.0,3764.0,154.0
1568194280.9845214,65054.0,615.0,3764.0,189.0
1568194281.025985,65096.0,600.0,3764.0,291.0
1568194281.0666318,65136.0,541.0,3764.0,8191.0
1568194281.1080742,65178.0,569.0,3764.0,8191.0
1568194281.1493678,65219.0,586.0,3764.0,8191.0
1568194281.19013,65259.0,580.0,3764.0,8191.0
1568194281.2314663,65301.0,579.0,3764.0,467.0
1568194281.2722883,65342.0,577.0,3764.0,330.0
1568194281.3134587,65383.0,579.0,3764.0,217.0
1568194281.3542464,65424.0,577.0,3764.0,150.0
1568194281.3951287,65465.0,576.0,3764.0,120.0
1568194281.435329,65505.0,576.0,3765.0,102.0
1568194281.4760733,65546.0,577.0,3765.0,97.0
1568194281.5178862,65588.0,576.0,3765.0,91.0
1568194281.5587604,65629.0,585.0,3765.0,83.0
1568194281.599755,65669.0,704.0,3765.0,81.0
1568194281.6397607,65710.0,763.0,3765.0,79.0
1568194281.6805868,65751.0,792.0,3765.0,85.0
1568194281.7218893,65792.0,800.0,3765.0,82.0
1568194281.762649,65833.0,812.0,3765.0,85.0
1568194281.8035989,65873.0,818.0,3765.0,83.0
1568194281.8451922,65915.0,814.0,3765.0,86.0
1568194281.8856034,65956.0,809.0,3765.0,88.0
1568194281.9269342,65997.0,799.0,3765.0,87.0
1568194281.9680004,66038.0,792.0,3765.0,86.0
1568194282.0084405,66079.0,762.0,3765.0,91.0
1568194282.0498693,66120.0,717.0,3765.0,87.0
1568194282.090606,66161.0,681.0,3765.0,90.0
1568194282.1320782,66202.0,667.0,3765.0,94.0
1568194282.1727931,66243.0,657.0,3765.0,101.0
1568194282.2139513,66283.0,651.0,3765.0,115.0
1568194282.255031,66325.0,640.0,3765.0,139.0
1568194282.2953851,66365.0,636.0,3765.0,176.0
1568194282.3371418,66407.0,585.0,3765.0,289.0
1568194282.3783433,66448.0,546.0,3765.0,8191.0
1568194282.4186702,66488.0,580.0,3766.0,8191.0
1568194282.4586308,66529.0,580.0,3766.0,-1.0
1568194282.4998596,66570.0,580.0,3766.0,-1.0
1568194282.54164,66611.0,580.0,3766.0,319.0
1568194282.582568,66652.0,580.0,3766.0,198.0
1568194282.6230488,66693.0,581.0,3766.0,140.0
1568194282.6648436,66734.0,582.0,3766.0,107.0
1568194282.7056382,66775.0,579.0,3766.0,88.0
1568194282.746672,66816.0,576.0,3766.0,84.0
1568194282.7874496,66857.0,574.0,3766.0,78.0
1568194282.8277113,66898.0,590.0,3766.0,73.0
1568194282.868438,66939.0,722.0,3766.0,78.0
1568194282.9091468,66979.0,790.0,3766.0,82.0
1568194282.9506078,67020.0,805.0,3766.0,77.0
1568194282.991602,67061.0,809.0,3766.0,79.0
1568194283.0324857,67102.0,814.0,3766.0,81.0
1568194283.0742257,67144.0,818.0,3766.0,81.0
1568194283.1151276,67185.0,813.0,3766.0,83.0
1568194283.1566179,67227.0,811.0,3766.0,83.0
1568194283.1974616,67268.0,807.0,3766.0,80.0
1568194283.2383509,67308.0,802.0,3766.0,83.0
1568194283.278949,67349.0,788.0,3766.0,85.0
1568194283.3199646,67390.0,759.0,3766.0,84.0
1568194283.361556,67431.0,718.0,3766.0,86.0
1568194283.4018512,67472.0,684.0,3766.0,88.0
1568194283.4425313,67513.0,672.0,3767.0,92.0
1568194283.4832876,67553.0,669.0,3767.0,103.0
1568194283.52477,67595.0,654.0,3767.0,114.0
1568194283.5667315,67636.0,642.0,3767.0,144.0
1568194283.6072416,67677.0,606.0,3767.0,222.0
1568194283.6475203,67718.0,543.0,3767.0,410.0
1568194283.6888633,67758.0,569.0,3767.0,8191.0
1568194283.7292047,67799.0,571.0,3767.0,8191.0
1568194283.7706702,67840.0,572.0,3767.0,8191.0
1568194283.8110209,67881.0,572.0,3767.0,-1.0
1568194283.851722,67922.0,574.0,3767.0,265.0
1568194283.8934848,67963.0,576.0,3767.0,164.0
1568194283.933939,68004.0,573.0,3767.0,109.0
1568194283.975513,68045.0,569.0,3767.0,92.0
1568194284.016074,68086.0,567.0,3767.0,92.0
1568194284.0572119,68127.0,566.0,3767.0,97.0
1568194284.0971751,68167.0,572.0,3767.0,84.0
1568194284.1379697,68208.0,720.0,3767.0,76.0
1568194284.1795225,68249.0,786.0,3767.0,79.0
1568194284.2201054,68290.0,800.0,3767.0,81.0
1568194284.2612917,68331.0,801.0,3767.0,86.0
1568194284.3026283,68372.0,808.0,3767.0,86.0
1568194284.3425663,68413.0,810.0,3767.0,85.0
1568194284.3844194,68454.0,805.0,3767.0,86.0
1568194284.4253628,68495.0,796.0,3768.0,88.0
1568194284.4659958,68536.0,784.0,3768.0,93.0
1568194284.5076122,68577.0,754.0,3768.0,95.0
1568194284.5487337,68618.0,723.0,3768.0,92.0
1568194284.5897777,68660.0,687.0,3768.0,99.0
1568194284.6310644,68701.0,665.0,3768.0,104.0
1568194284.6712918,68741.0,652.0,3768.0,110.0
1568194284.7121367,68782.0,643.0,3768.0,123.0
1568194284.7524567,68823.0,634.0,3768.0,162.0
1568194284.7941425,68864.0,626.0,3768.0,238.0
1568194284.8346388,68905.0,562.0,3768.0,553.0
1568194284.8760195,68945.0,513.0,3768.0,8191.0
1568194284.9172204,68987.0,569.0,3768.0,8191.0
1568194284.9579613,69028.0,567.0,3768.0,8191.0
1568194284.9995627,69069.0,566.0,3768.0,8191.0
1568194285.0398817,69110.0,565.0,3768.0,455.0
1568194285.0804603,69150.0,566.0,3768.0,256.0
1568194285.1218927,69192.0,568.0,3768.0,159.0
1568194285.1627903,69233.0,568.0,3768.0,116.0
1568194285.2041245,69274.0,567.0,3768.0,97.0
1568194285.2448063,69315.0,562.0,3768.0,97.0
1568194285.2851605,69355.0,559.0,3768.0,92.0
1568194285.3269322,69397.0,594.0,3768.0,81.0
1568194285.367286,69438.0,725.0,3768.0,79.0
1568194285.4090767,69479.0,797.0,3768.0,85.0
1568194285.449442,69520.0,802.0,3769.0,83.0
1568194285.490085,69560.0,805.0,3769.0,81.0
1568194285.5317843,69601.0,811.0,3769.0,81.0
1568194285.5724108,69642.0,812.0,3769.0,83.0
1568194285.6143053,69684.0,810.0,3769.0,85.0
1568194285.6546044,69725.0,805.0,3769.0,89.0
1568194285.6952345,69765.0,792.0,3769.0,89.0
1568194285.735701,69806.0,758.0,3769.0,92.0
1568194285.7765698,69847.0,711.0,3769.0,92.0
1568194285.8181317,69888.0,676.0,3769.0,98.0
1568194285.8592322,69929.0,653.0,3769.0,104.0
1568194285.8996954,69970.0,642.0,3769.0,117.0
1568194285.941163,70011.0,633.0,3769.0,137.0
1568194285.9822059,70052.0,629.0,3769.0,191.0
1568194286.023575,70093.0,589.0,3769.0,348.0
1568194286.0647433,70134.0,516.0,3769.0,8191.0
1568194286.1051447,70175.0,577.0,3769.0,8191.0
1568194286.146192,70216.0,572.0,3769.0,-1.0
1568194286.1875014,70257.0,571.0,3769.0,8191.0
1568194286.2286162,70298.0,570.0,3769.0,387.0
1568194286.269376,70339.0,568.0,3769.0,234.0
1568194286.3101532,70380.0,567.0,3769.0,160.0
1568194286.3505309,70420.0,567.0,3769.0,120.0
1568194286.391309,70461.0,568.0,3769.0,105.0
1568194286.4318056,70502.0,567.0,3770.0,105.0
1568194286.4726572,70542.0,567.0,3770.0,96.0
1568194286.5139062,70584.0,569.0,3770.0,85.0
1568194286.5558937,70625.0,726.0,3770.0,83.0
1568194286.596062,70666.0,786.0,3770.0,82.0
1568194286.6379182,70707.0,797.0,3770.0,86.0
1568194286.6781917,70748.0,805.0,3770.0,92.0
1568194286.7189384,70789.0,806.0,3770.0,87.0
1568194286.7604039,70830.0,801.0,3770.0,93.0
1568194286.8010943,70871.0,793.0,3770.0,95.0
1568194286.8426116,70912.0,778.0,3770.0,95.0
1568194286.8834834,70953.0,750.0,3770.0,96.0
1568194286.9237652,70994.0,721.0,3770.0,95.0
1568194286.964812,71035.0,689.0,3770.0,97.0
1568194287.005954,71075.0,665.0,3770.0,100.0
1568194287.0468912,71116.0,649.0,3770.0,101.0
1568194287.0872939,71157.0,639.0,3770.0,107.0
1568194287.1284482,71198.0,632.0,3770.0,116.0
1568194287.1695378,71239.0,624.0,3770.0,140.0
1568194287.2102432,71280.0,618.0,3770.0,198.0
1568194287.2515888,71321.0,570.0,3770.0,394.0
1568194287.274713,71362.0,502.0,3770.0,-1.0
1568194287.3157384,71385.0,544.0,3770.0,8191.0
1568194287.3395593,71427.0,564.0,3770.0,-1.0
1568194287.3805645,71450.0,562.0,3770.0,8191.0
1568194287.4213812,71491.0,561.0,3771.0,8191.0
1568194287.4624581,71532.0,560.0,3771.0,466.0
1568194287.5033903,71573.0,561.0,3771.0,276.0
1568194287.5453694,71615.0,561.0,3771.0,185.0
1568194287.5860934,71656.0,561.0,3771.0,127.0
1568194287.6268253,71697.0,560.0,3771.0,108.0
1568194287.6688457,71738.0,559.0,3771.0,104.0
1568194287.7097902,71779.0,557.0,3771.0,108.0
1568194287.751033,71821.0,557.0,3771.0,93.0
1568194287.7921603,71862.0,691.0,3771.0,79.0
1568194287.83298,71902.0,774.0,3771.0,79.0
1568194287.8739774,71944.0,797.0,3771.0,84.0
1568194287.9146235,71985.0,808.0,3771.0,84.0
1568194287.9564836,72026.0,816.0,3771.0,87.0
1568194287.9970148,72067.0,813.0,3771.0,89.0
1568194288.0375998,72108.0,804.0,3771.0,90.0
1568194288.0791864,72149.0,786.0,3771.0,89.0
1568194288.120138,72190.0,772.0,3771.0,93.0
1568194288.161156,72231.0,736.0,3771.0,95.0
1568194288.2019806,72272.0,709.0,3771.0,97.0
1568194288.2427716,72312.0,676.0,3771.0,100.0
1568194288.2841733,72354.0,661.0,3771.0,104.0
1568194288.3248897,72395.0,654.0,3771.0,117.0
1568194288.3664298,72436.0,637.0,3771.0,133.0
1568194288.4070914,72477.0,636.0,3771.0,161.0
1568194288.4477127,72517.0,624.0,3772.0,243.0
1568194288.4892504,72559.0,566.0,3772.0,8191.0
1568194288.5306184,72600.0,572.0,3772.0,8191.0
1568194288.5546772,72642.0,580.0,3772.0,-1.0
1568194288.5780504,72665.0,580.0,3772.0,-1.0
1568194288.6189835,72689.0,579.0,3772.0,8191.0
1568194288.6599848,72729.0,579.0,3772.0,485.0
1568194288.7014794,72771.0,577.0,3772.0,300.0
1568194288.7421975,72812.0,577.0,3772.0,188.0
1568194288.784237,72854.0,576.0,3772.0,124.0
1568194288.8247263,72895.0,573.0,3772.0,91.0
1568194288.8654034,72935.0,573.0,3772.0,85.0
1568194288.9067981,72977.0,579.0,3772.0,86.0
1568194288.9475598,73017.0,606.0,3772.0,81.0
1568194288.9894288,73059.0,726.0,3772.0,75.0
1568194289.0295804,73100.0,792.0,3772.0,82.0
1568194289.0705879,73140.0,798.0,3772.0,80.0
1568194289.1121733,73182.0,802.0,3772.0,80.0
1568194289.152937,73222.0,810.0,3772.0,81.0
1568194289.1948965,73264.0,813.0,3772.0,81.0
1568194289.2353728,73305.0,813.0,3772.0,85.0
1568194289.2759347,73346.0,805.0,3772.0,83.0
1568194289.3177779,73387.0,798.0,3772.0,84.0
1568194289.3580575,73428.0,793.0,3772.0,85.0
1568194289.399843,73469.0,775.0,3772.0,85.0
1568194289.4405966,73510.0,744.0,3773.0,88.0
1568194289.4813025,73551.0,718.0,3773.0,93.0
1568194289.52301,73593.0,680.0,3773.0,94.0
1568194289.5641139,73634.0,660.0,3773.0,103.0
1568194289.606016,73675.0,648.0,3773.0,112.0
1568194289.6460025,73716.0,637.0,3773.0,136.0
1568194289.6866503,73757.0,629.0,3773.0,163.0
1568194289.7289057,73798.0,605.0,3773.0,267.0
1568194289.7694733,73839.0,531.0,3773.0,8191.0
1568194289.811459,73881.0,572.0,3773.0,-1.0
1568194289.8520055,73922.0,570.0,3773.0,-1.0
1568194289.893261,73963.0,569.0,3773.0,8191.0
1568194289.9345846,74004.0,568.0,3773.0,433.0
1568194289.9748864,74045.0,567.0,3773.0,279.0
1568194290.0167282,74086.0,567.0,3773.0,183.0
1568194290.0575135,74127.0,566.0,3773.0,131.0
1568194290.0979013,74168.0,566.0,3773.0,104.0
1568194290.1392262,74209.0,564.0,3773.0,100.0
1568194290.1799974,74250.0,562.0,3773.0,99.0
1568194290.2216585,74291.0,560.0,3773.0,84.0
1568194290.2622437,74332.0,680.0,3773.0,78.0
1568194290.3025134,74373.0,772.0,3773.0,84.0
1568194290.3439405,74414.0,805.0,3773.0,82.0
1568194290.3851264,74455.0,806.0,3773.0,82.0
1568194290.426094,74496.0,812.0,3774.0,85.0
1568194290.466823,74537.0,816.0,3774.0,86.0
1568194290.5078866,74577.0,814.0,3774.0,88.0
1568194290.5499246,74619.0,809.0,3774.0,90.0
1568194290.5907674,74660.0,801.0,3774.0,89.0
1568194290.6319113,74702.0,787.0,3774.0,93.0
1568194290.6730528,74743.0,761.0,3774.0,90.0
1568194290.713491,74783.0,729.0,3774.0,88.0
1568194290.7545981,74824.0,694.0,3774.0,92.0
1568194290.7956758,74865.0,669.0,3774.0,96.0
1568194290.8372877,74907.0,656.0,3774.0,102.0
1568194290.8785183,74948.0,646.0,3774.0,111.0
1568194290.9187908,74988.0,636.0,3774.0,122.0
1568194290.9596486,75029.0,628.0,3774.0,159.0
1568194290.9999394,75070.0,589.0,3774.0,237.0
1568194291.0414944,75111.0,528.0,3774.0,370.0
1568194291.0823917,75152.0,569.0,3774.0,8191.0
1568194291.1056054,75193.0,570.0,3774.0,-1.0
1568194291.1462963,75216.0,569.0,3774.0,8191.0
1568194291.1862817,75256.0,568.0,3774.0,-1.0
1568194291.2270293,75297.0,567.0,3774.0,293.0
1568194291.2677505,75338.0,567.0,3774.0,185.0
1568194291.3089163,75378.0,567.0,3774.0,137.0
1568194291.3500252,75420.0,567.0,3774.0,111.0
1568194291.3906214,75460.0,562.0,3774.0,97.0
1568194291.4311337,75501.0,560.0,3775.0,94.0
1568194291.471927,75542.0,560.0,3775.0,87.0
1568194291.512905,75582.0,649.0,3775.0,82.0
1568194291.554278,75624.0,758.0,3775.0,81.0
1568194291.5952911,75665.0,792.0,3775.0,83.0
1568194291.6358323,75706.0,799.0,3775.0,88.0
1568194291.6766279,75746.0,801.0,3775.0,82.0
1568194291.7174165,75787.0,806.0,3775.0,85.0
1568194291.7587056,75828.0,809.0,3775.0,85.0
1568194291.7991385,75869.0,806.0,3775.0,87.0
1568194291.8402925,75910.0,801.0,3775.0,89.0
1568194291.8802886,75950.0,798.0,3775.0,90.0
1568194291.9209971,75991.0,792.0,3775.0,91.0
1568194291.962801,76032.0,773.0,3775.0,91.0
1568194292.0033405,76073.0,730.0,3775.0,95.0
1568194292.0438995,76114.0,692.0,3775.0,101.0
1568194292.0851083,76155.0,666.0,3775.0,112.0
1568194292.1259015,76195.0,648.0,3775.0,122.0
1568194292.167052,76236.0,642.0,3775.0,157.0
1568194292.207556,76277.0,629.0,3775.0,238.0
1568194292.2498293,76319.0,572.0,3775.0,515.0
1568194292.2918189,76361.0,560.0,3775.0,904.0
1568194292.3325562,76402.0,577.0,3775.0,-1.0
1568194292.3742507,76444.0,573.0,3775.0,8191.0
1568194292.4142756,76484.0,572.0,3775.0,-1.0
1568194292.4553082,76525.0,570.0,3776.0,330.0
1568194292.4958856,76566.0,570.0,3776.0,207.0
1568194292.537209,76607.0,569.0,3776.0,144.0
1568194292.5792108,76649.0,568.0,3776.0,108.0
1568194292.619305,76689.0,569.0,3776.0,93.0
1568194292.6601517,76730.0,567.0,3776.0,89.0
1568194292.7009702,76771.0,562.0,3776.0,88.0
1568194292.7417738,76811.0,578.0,3776.0,84.0
1568194292.7825928,76853.0,687.0,3776.0,81.0
1568194292.8234618,76893.0,770.0,3776.0,83.0
1568194292.8642547,76934.0,793.0,3776.0,82.0
1568194292.9047163,76975.0,793.0,3776.0,85.0
1568194292.9453921,77015.0,797.0,3776.0,82.0
1568194292.9868739,77057.0,805.0,3776.0,85.0
1568194293.027596,77097.0,804.0,3776.0,85.0
1568194293.0682383,77138.0,801.0,3776.0,91.0
1568194293.1093013,77179.0,794.0,3776.0,89.0
1568194293.1514804,77220.0,784.0,3776.0,94.0
1568194293.193602,77263.0,760.0,3776.0,93.0
1568194293.2339678,77304.0,718.0,3776.0,98.0
1568194293.2751815,77345.0,681.0,3776.0,102.0
1568194293.3161986,77386.0,667.0,3776.0,108.0
1568194293.356885,77427.0,651.0,3776.0,124.0
1568194293.3987079,77468.0,642.0,3776.0,145.0
1568194293.4390266,77509.0,642.0,3777.0,194.0
1568194293.4798203,77549.0,614.0,3777.0,350.0
1568194293.521193,77591.0,535.0,3777.0,8191.0
1568194293.5453398,77632.0,576.0,3777.0,-1.0
1568194293.5870667,77656.0,574.0,3777.0,8191.0
1568194293.610428,77698.0,571.0,3777.0,-1.0
1568194293.6340086,77721.0,570.0,3777.0,-1.0
1568194293.6746664,77744.0,570.0,3777.0,8191.0
1568194293.7167585,77786.0,569.0,3777.0,344.0
1568194293.7573369,77827.0,569.0,3777.0,221.0
1568194293.7982764,77868.0,568.0,3777.0,145.0
1568194293.8392117,77909.0,568.0,3777.0,107.0
1568194293.8798728,77950.0,568.0,3777.0,93.0
1568194293.9216301,77991.0,569.0,3777.0,96.0
1568194293.9617977,78032.0,566.0,3777.0,94.0
1568194294.0035818,78073.0,582.0,3777.0,85.0
1568194294.0440738,78114.0,709.0,3777.0,81.0
1568194294.0847661,78155.0,774.0,3777.0,79.0
1568194294.1265893,78196.0,797.0,3777.0,81.0
1568194294.1668699,78237.0,805.0,3777.0,81.0
1568194294.2086556,78278.0,810.0,3777.0,84.0
1568194294.2495542,78319.0,809.0,3777.0,84.0
1568194294.2898257,78360.0,795.0,3777.0,83.0
1568194294.3312132,78401.0,778.0,3777.0,85.0
1568194294.3723218,78442.0,739.0,3777.0,87.0
1568194294.413797,78484.0,705.0,3777.0,86.0
1568194294.4546287,78525.0,678.0,3778.0,90.0
1568194294.4956725,78565.0,658.0,3778.0,95.0
1568194294.5376618,78607.0,645.0,3778.0,99.0
1568194294.578593,78648.0,634.0,3778.0,107.0
1568194294.6202502,78690.0,626.0,3778.0,121.0
1568194294.6608887,78731.0,617.0,3778.0,141.0
1568194294.7013013,78771.0,609.0,3778.0,198.0
1568194294.7428102,78813.0,566.0,3778.0,378.0
1568194294.7838285,78853.0,495.0,3778.0,8191.0
1568194294.8252943,78895.0,547.0,3778.0,8191.0
1568194294.8660939,78936.0,553.0,3778.0,872.0
1568194294.9063845,78976.0,552.0,3778.0,876.0
1568194294.948052,79017.0,552.0,3778.0,759.0
1568194294.989039,79058.0,550.0,3778.0,378.0
1568194295.029988,79100.0,552.0,3778.0,204.0
1568194295.0707242,79141.0,553.0,3778.0,135.0
1568194295.1115117,79181.0,553.0,3778.0,105.0
1568194295.1526299,79222.0,550.0,3778.0,93.0
1568194295.1936066,79263.0,546.0,3778.0,95.0
1568194295.2356021,79305.0,546.0,3778.0,88.0
1568194295.276132,79346.0,686.0,3778.0,80.0
1568194295.3169322,79387.0,763.0,3778.0,77.0
1568194295.3586423,79428.0,796.0,3778.0,78.0
1568194295.3995438,79469.0,801.0,3778.0,84.0
1568194295.44078,79511.0,806.0,3779.0,82.0
1568194295.481813,79552.0,810.0,3779.0,81.0
1568194295.5222936,79592.0,806.0,3779.0,84.0
1568194295.5643446,79634.0,800.0,3779.0,82.0
1568194295.6056685,79675.0,790.0,3779.0,85.0
1568194295.6466353,79716.0,776.0,3779.0,87.0
1568194295.6872938,79757.0,757.0,3779.0,88.0
1568194295.7275786,79798.0,722.0,3779.0,87.0
1568194295.769461,79839.0,687.0,3779.0,89.0
1568194295.8103027,79880.0,657.0,3779.0,93.0
1568194295.8514872,79921.0,639.0,3779.0,97.0
1568194295.8924315,79962.0,625.0,3779.0,107.0
1568194295.932692,80003.0,615.0,3779.0,118.0
1568194295.9746609,80044.0,607.0,3779.0,137.0
1568194296.0155048,80085.0,604.0,3779.0,204.0
1568194296.0567331,80126.0,552.0,3779.0,383.0
1568194296.0975597,80167.0,488.0,3779.0,-1.0
1568194296.1383011,80208.0,554.0,3779.0,-1.0
1568194296.1793487,80249.0,552.0,3779.0,-1.0
1568194296.2199807,80290.0,550.0,3779.0,-1.0
1568194296.26218,80331.0,549.0,3779.0,-1.0
1568194296.302487,80372.0,547.0,3779.0,264.0
1568194296.3429394,80413.0,547.0,3779.0,173.0
1568194296.3850603,80454.0,546.0,3779.0,121.0
1568194296.425035,80495.0,546.0,3780.0,102.0
1568194296.4670377,80536.0,543.0,3780.0,107.0
1568194296.5076182,80577.0,541.0,3780.0,107.0
1568194296.5485785,80618.0,549.0,3780.0,96.0
1568194296.590635,80660.0,720.0,3780.0,84.0
1568194296.6314144,80701.0,782.0,3780.0,84.0
1568194296.6726887,80742.0,804.0,3780.0,86.0
1568194296.7132802,80783.0,820.0,3780.0,87.0
1568194296.7541256,80824.0,825.0,3780.0,88.0
1568194296.7954614,80865.0,824.0,3780.0,86.0
1568194296.8361564,80906.0,820.0,3780.0,87.0
1568194296.8779943,80948.0,811.0,3780.0,87.0
1568194296.9183218,80988.0,800.0,3780.0,88.0
1568194296.958973,81029.0,776.0,3780.0,90.0
1568194296.9998171,81070.0,749.0,3780.0,90.0
1568194297.0401468,81110.0,708.0,3780.0,90.0
1568194297.0820374,81152.0,669.0,3780.0,91.0
1568194297.1227841,81193.0,654.0,3780.0,97.0
1568194297.1634617,81233.0,639.0,3780.0,106.0
1568194297.2049377,81275.0,628.0,3780.0,111.0
1568194297.2455926,81315.0,615.0,3780.0,124.0
1568194297.2871664,81357.0,607.0,3780.0,160.0
1568194297.3278816,81397.0,576.0,3780.0,253.0
1568194297.3682315,81438.0,507.0,3780.0,379.0
1568194297.4100478,81479.0,486.0,3780.0,372.0
1568194297.450669,81520.0,552.0,3781.0,489.0
1568194297.492578,81562.0,547.0,3781.0,8191.0
1568194297.5335987,81603.0,548.0,3781.0,8191.0
1568194297.5747569,81644.0,547.0,3781.0,431.0
1568194297.6147065,81685.0,549.0,3781.0,265.0
1568194297.6556547,81725.0,549.0,3781.0,177.0
1568194297.6970553,81767.0,549.0,3781.0,123.0
1568194297.7376692,81807.0,549.0,3781.0,107.0
1568194297.7780704,81848.0,546.0,3781.0,93.0
1568194297.819433,81889.0,544.0,3781.0,93.0
1568194297.8601305,81930.0,549.0,3781.0,87.0
1568194297.9015303,81972.0,699.0,3781.0,77.0
1568194297.9423025,82012.0,770.0,3781.0,79.0
1568194297.9830816,82053.0,787.0,3781.0,77.0
1568194298.0245154,82094.0,794.0,3781.0,76.0
1568194298.065255,82135.0,800.0,3781.0,80.0
1568194298.107221,82177.0,804.0,3781.0,82.0
1568194298.1477818,82218.0,804.0,3781.0,83.0
1568194298.1886013,82258.0,800.0,3781.0,84.0
1568194298.2293518,82299.0,795.0,3781.0,85.0
1568194298.2699728,82340.0,793.0,3781.0,87.0
1568194298.3116715,82381.0,785.0,3781.0,88.0
1568194298.3521533,82422.0,770.0,3781.0,91.0
1568194298.393172,82463.0,732.0,3781.0,90.0
1568194298.4336498,82504.0,694.0,3782.0,95.0
1568194298.4743562,82544.0,657.0,3782.0,100.0
1568194298.51617,82586.0,636.0,3782.0,110.0
1568194298.5576527,82627.0,629.0,3782.0,130.0
1568194298.5986154,82668.0,624.0,3782.0,172.0
1568194298.6387262,82708.0,605.0,3782.0,265.0
1568194298.679635,82749.0,543.0,3782.0,558.0
1568194298.720911,82790.0,504.0,3782.0,8191.0
1568194298.7615516,82831.0,560.0,3782.0,8191.0
1568194298.785276,82872.0,558.0,3782.0,-1.0
1568194298.8266516,82896.0,559.0,3782.0,8191.0
1568194298.8672616,82937.0,559.0,3782.0,8191.0
1568194298.9075553,82977.0,559.0,3782.0,348.0
1568194298.9479835,83018.0,560.0,3782.0,212.0
1568194298.989208,83059.0,560.0,3782.0,143.0
1568194299.0305374,83100.0,559.0,3782.0,109.0
1568194299.0708823,83141.0,558.0,3782.0,94.0
1568194299.1117463,83181.0,559.0,3782.0,93.0
1568194299.1524599,83222.0,556.0,3782.0,93.0
1568194299.1928427,83263.0,554.0,3782.0,80.0
1568194299.23417,83304.0,692.0,3782.0,70.0
1568194299.2751193,83345.0,761.0,3782.0,79.0
1568194299.3155453,83385.0,792.0,3782.0,81.0
1568194299.3565297,83426.0,796.0,3782.0,84.0
1568194299.3972838,83467.0,814.0,3782.0,84.0
1568194299.4382224,83508.0,832.0,3783.0,83.0
1568194299.4789352,83549.0,826.0,3783.0,86.0
1568194299.520151,83590.0,821.0,3783.0,84.0
1568194299.5616524,83631.0,813.0,3783.0,85.0
1568194299.601498,83672.0,811.0,3783.0,93.0
1568194299.643352,83713.0,797.0,3783.0,88.0
1568194299.6845162,83754.0,786.0,3783.0,89.0
1568194299.7244797,83794.0,753.0,3783.0,91.0
1568194299.76516,83835.0,713.0,3783.0,92.0
1568194299.805587,83876.0,675.0,3783.0,98.0
1568194299.8476396,83917.0,656.0,3783.0,113.0
1568194299.8881764,83958.0,642.0,3783.0,125.0
1568194299.929899,83998.0,634.0,3783.0,165.0
1568194299.9709532,84041.0,603.0,3783.0,272.0
1568194300.0121663,84082.0,541.0,3783.0,8191.0
1568194300.0546646,84123.0,572.0,3783.0,8191.0
1568194300.0946057,84164.0,570.0,3783.0,8191.0
1568194300.1356022,84205.0,570.0,3783.0,8191.0
1568194300.176072,84246.0,569.0,3783.0,487.0
1568194300.216606,84286.0,569.0,3783.0,259.0
1568194300.258448,84328.0,569.0,3783.0,164.0
1568194300.2986488,84368.0,568.0,3783.0,118.0
1568194300.339336,84409.0,568.0,3783.0,91.0
1568194300.3801694,84450.0,568.0,3783.0,85.0
1568194300.420156,84490.0,565.0,3784.0,83.0
1568194300.4620044,84532.0,564.0,3784.0,77.0
1568194300.5022318,84572.0,657.0,3784.0,76.0
1568194300.544072,84614.0,756.0,3784.0,81.0
1568194300.5844805,84655.0,812.0,3784.0,84.0
1568194300.6255872,84695.0,814.0,3784.0,79.0
1568194300.6665933,84737.0,820.0,3784.0,82.0
1568194300.707349,84777.0,824.0,3784.0,74.0
1568194300.7481282,84818.0,826.0,3784.0,84.0
1568194300.789258,84859.0,829.0,3784.0,84.0
1568194300.8302736,84900.0,829.0,3784.0,83.0
1568194300.872402,84942.0,825.0,3784.0,81.0
1568194300.9128883,84982.0,824.0,3784.0,82.0
1568194300.9532125,85023.0,824.0,3784.0,85.0
1568194300.9940183,85064.0,816.0,3784.0,84.0
1568194301.0347004,85104.0,806.0,3784.0,88.0
1568194301.0761392,85146.0,776.0,3784.0,88.0
1568194301.117288,85187.0,727.0,3784.0,92.0
1568194301.1576674,85227.0,686.0,3784.0,95.0
1568194301.199096,85269.0,667.0,3784.0,106.0
1568194301.2397444,85309.0,658.0,3784.0,130.0
1568194301.281621,85351.0,629.0,3784.0,173.0
1568194301.3219326,85392.0,582.0,3784.0,258.0
1568194301.362787,85432.0,592.0,3784.0,366.0
1568194301.4045322,85474.0,591.0,3784.0,508.0
1568194301.4451916,85515.0,590.0,3785.0,456.0
1568194301.487031,85556.0,590.0,3785.0,297.0
1568194301.527347,85597.0,589.0,3785.0,209.0
1568194301.568854,85638.0,588.0,3785.0,148.0
1568194301.6099412,85679.0,588.0,3785.0,115.0
1568194301.6499157,85720.0,586.0,3785.0,95.0
1568194301.6916058,85761.0,581.0,3785.0,90.0
1568194301.732396,85802.0,580.0,3785.0,89.0
1568194301.7732835,85843.0,578.0,3785.0,82.0
1568194301.8135016,85883.0,637.0,3785.0,76.0
1568194301.8544407,85924.0,738.0,3785.0,85.0
1568194301.8956623,85965.0,780.0,3785.0,80.0
1568194301.936137,86006.0,785.0,3785.0,83.0
1568194301.9773874,86047.0,801.0,3785.0,81.0
1568194302.0176687,86087.0,818.0,3785.0,80.0
1568194302.0586162,86128.0,824.0,3785.0,82.0
1568194302.0999396,86169.0,826.0,3785.0,83.0
1568194302.140202,86210.0,824.0,3785.0,82.0
1568194302.1813524,86251.0,820.0,3785.0,85.0
1568194302.2225869,86292.0,818.0,3785.0,87.0
1568194302.2631207,86333.0,808.0,3785.0,87.0
1568194302.304867,86374.0,790.0,3785.0,92.0
1568194302.3457677,86415.0,745.0,3785.0,92.0
1568194302.3858905,86456.0,701.0,3785.0,96.0
1568194302.4276094,86497.0,674.0,3786.0,101.0
1568194302.4685175,86538.0,661.0,3786.0,109.0
1568194302.5095065,86579.0,646.0,3786.0,128.0
1568194302.550919,86621.0,639.0,3786.0,159.0
1568194302.5917165,86662.0,622.0,3786.0,242.0
1568194302.6325192,86702.0,552.0,3786.0,452.0
1568194302.6555357,86743.0,509.0,3786.0,-1.0
1568194302.6790326,86766.0,567.0,3786.0,-1.0
1568194302.7023394,86789.0,568.0,3786.0,-1.0
1568194302.7250924,86813.0,567.0,3786.0,-1.0
1568194302.748514,86836.0,566.0,3786.0,-1.0
1568194302.7895718,86859.0,566.0,3786.0,-1.0
1568194302.8316743,86901.0,564.0,3786.0,417.0
1568194302.872774,86943.0,566.0,3786.0,230.0
1568194302.9142118,86984.0,566.0,3786.0,149.0
1568194302.9549646,87025.0,567.0,3786.0,109.0
1568194302.995691,87066.0,566.0,3786.0,99.0
1568194303.0371456,87107.0,561.0,3786.0,104.0
1568194303.0778875,87148.0,568.0,3786.0,95.0
1568194303.1192973,87189.0,592.0,3786.0,85.0
1568194303.1600227,87230.0,722.0,3786.0,79.0
1568194303.2003956,87271.0,774.0,3786.0,77.0
1568194303.2419038,87312.0,794.0,3786.0,82.0
1568194303.2826457,87353.0,802.0,3786.0,82.0
1568194303.324048,87394.0,809.0,3786.0,81.0
1568194303.3648567,87435.0,812.0,3786.0,81.0
1568194303.4060085,87475.0,805.0,3786.0,84.0
1568194303.4469604,87517.0,793.0,3787.0,87.0
1568194303.4880278,87558.0,774.0,3787.0,87.0
1568194303.5290756,87599.0,745.0,3787.0,90.0
1568194303.5706563,87640.0,718.0,3787.0,91.0
1568194303.6112623,87681.0,681.0,3787.0,96.0
1568194303.653087,87723.0,663.0,3787.0,100.0
1568194303.6938045,87763.0,648.0,3787.0,109.0
1568194303.7354393,87805.0,638.0,3787.0,121.0
1568194303.7763247,87846.0,627.0,3787.0,144.0
1568194303.816367,87886.0,620.0,3787.0,199.0
1568194303.8584793,87928.0,592.0,3787.0,362.0
1568194303.8988457,87968.0,506.0,3787.0,8191.0
1568194303.9226553,88010.0,547.0,3787.0,-1.0
1568194303.963711,88033.0,557.0,3787.0,8191.0
1568194304.0048277,88074.0,554.0,3787.0,8191.0
1568194304.0459502,88115.0,554.0,3787.0,8191.0
1568194304.0862498,88156.0,553.0,3787.0,441.0
1568194304.1272216,88197.0,553.0,3787.0,264.0
1568194304.1686735,88238.0,554.0,3787.0,164.0
1568194304.2096245,88279.0,555.0,3787.0,119.0
1568194304.2507763,88320.0,554.0,3787.0,103.0
1568194304.2913654,88361.0,549.0,3787.0,100.0
1568194304.3324347,88402.0,549.0,3787.0,92.0
1568194304.3741748,88444.0,673.0,3787.0,83.0
1568194304.415806,88485.0,760.0,3787.0,80.0
1568194304.4573429,88527.0,800.0,3788.0,81.0
1568194304.4997215,88569.0,806.0,3788.0,82.0
1568194304.541167,88611.0,812.0,3788.0,79.0
1568194304.5820265,88652.0,814.0,3788.0,85.0
1568194304.622734,88693.0,811.0,3788.0,85.0
1568194304.6645162,88734.0,795.0,3788.0,88.0
1568194304.7047389,88775.0,762.0,3788.0,87.0
1568194304.7462788,88816.0,721.0,3788.0,89.0
1568194304.7871969,88857.0,684.0,3788.0,91.0
1568194304.827777,88898.0,658.0,3788.0,92.0
1568194304.8695269,88939.0,644.0,3788.0,100.0
1568194304.9100413,88980.0,633.0,3788.0,107.0
1568194304.9516044,89021.0,624.0,3788.0,122.0
1568194304.9920385,89062.0,615.0,3788.0,134.0
1568194305.0328803,89103.0,615.0,3788.0,181.0
1568194305.0746765,89144.0,592.0,3788.0,286.0
1568194305.1153498,89185.0,509.0,3788.0,8191.0
1568194305.156481,89226.0,495.0,3788.0,-1.0
1568194305.1979873,89267.0,554.0,3788.0,8191.0
1568194305.2379785,89308.0,552.0,3788.0,8191.0
1568194305.2800572,89349.0,552.0,3788.0,8191.0
1568194305.3201294,89390.0,552.0,3788.0,317.0
1568194305.3619556,89431.0,554.0,3788.0,234.0
1568194305.4026678,89472.0,555.0,3788.0,152.0
1568194305.4426496,89512.0,554.0,3789.0,113.0
1568194305.4847267,89554.0,553.0,3789.0,102.0
1568194305.5256164,89595.0,549.0,3789.0,103.0
1568194305.5668585,89636.0,547.0,3789.0,96.0
1568194305.6076388,89677.0,594.0,3789.0,85.0
1568194305.6484203,89718.0,721.0,3789.0,78.0
1568194305.6898417,89759.0,786.0,3789.0,83.0
1568194305.7301576,89800.0,801.0,3789.0,81.0
1568194305.7723343,89842.0,807.0,3789.0,81.0
1568194305.8123374,89882.0,810.0,3789.0,84.0
1568194305.8536456,89923.0,814.0,3789.0,88.0
1568194305.8944366,89964.0,813.0,3789.0,85.0
1568194305.9354432,90005.0,805.0,3789.0,86.0
1568194305.9770632,90047.0,796.0,3789.0,87.0
1568194306.0174227,90087.0,790.0,3789.0,87.0
1568194306.0581722,90128.0,778.0,3789.0,89.0
1568194306.099884,90169.0,749.0,3789.0,91.0
1568194306.1403456,90210.0,712.0,3789.0,90.0
1568194306.1816897,90251.0,673.0,3789.0,95.0
1568194306.2226508,90292.0,649.0,3789.0,104.0
1568194306.2634625,90333.0,639.0,3789.0,111.0
1568194306.304661,90374.0,626.0,3789.0,135.0
1568194306.3454554,90415.0,615.0,3789.0,199.0
1568194306.3869922,90456.0,561.0,3789.0,375.0
1568194306.4278586,90497.0,494.0,3790.0,8191.0
1568194306.4687052,90538.0,557.0,3790.0,8191.0
1568194306.5098827,90579.0,556.0,3790.0,8191.0
1568194306.551226,90621.0,556.0,3790.0,8191.0
1568194306.5930376,90662.0,556.0,3790.0,8191.0
1568194306.6338766,90703.0,556.0,3790.0,314.0
1568194306.6740549,90744.0,557.0,3790.0,185.0
1568194306.7157645,90785.0,559.0,3790.0,125.0
1568194306.755913,90826.0,558.0,3790.0,98.0
1568194306.7976842,90867.0,557.0,3790.0,91.0
1568194306.8380969,90908.0,554.0,3790.0,96.0
1568194306.8789787,90949.0,580.0,3790.0,85.0
1568194306.9206588,90990.0,708.0,3790.0,81.0
1568194306.961178,91031.0,777.0,3790.0,86.0
1568194307.0024507,91072.0,797.0,3790.0,85.0
1568194307.0433254,91113.0,800.0,3790.0,84.0
1568194307.0838947,91154.0,805.0,3790.0,83.0
1568194307.1253722,91195.0,809.0,3790.0,86.0
1568194307.1665106,91236.0,801.0,3790.0,87.0
1568194307.207681,91277.0,786.0,3790.0,88.0
1568194307.2482026,91318.0,749.0,3790.0,88.0
1568194307.2890434,91359.0,710.0,3790.0,90.0
1568194307.3293283,91399.0,682.0,3790.0,94.0
1568194307.3700936,91440.0,657.0,3790.0,96.0
1568194307.411773,91481.0,643.0,3790.0,101.0
1568194307.4526281,91522.0,630.0,3791.0,104.0
1568194307.4929314,91563.0,624.0,3791.0,116.0
1568194307.5353656,91604.0,610.0,3791.0,134.0
1568194307.5770783,91646.0,610.0,3791.0,176.0
1568194307.6186452,91688.0,598.0,3791.0,285.0
1568194307.6592438,91729.0,518.0,3791.0,8191.0
1568194307.6997383,91769.0,485.0,3791.0,8191.0
1568194307.7416422,91811.0,549.0,3791.0,8191.0
1568194307.7823567,91851.0,547.0,3791.0,8191.0
1568194307.8235204,91893.0,547.0,3791.0,8191.0
1568194307.8637602,91934.0,546.0,3791.0,419.0
1568194307.9044442,91974.0,547.0,3791.0,246.0
1568194307.9463003,92015.0,549.0,3791.0,159.0
1568194307.9868386,92056.0,549.0,3791.0,117.0
1568194308.0279877,92098.0,549.0,3791.0,99.0
1568194308.0688818,92139.0,547.0,3791.0,102.0
1568194308.1096227,92179.0,547.0,3791.0,99.0
1568194308.1505685,92220.0,568.0,3791.0,88.0
1568194308.1915898,92261.0,703.0,3791.0,81.0
1568194308.233266,92303.0,785.0,3791.0,85.0
1568194308.2738578,92344.0,802.0,3791.0,82.0
1568194308.3142455,92384.0,804.0,3791.0,84.0
1568194308.35638,92426.0,810.0,3791.0,86.0
1568194308.3967474,92467.0,816.0,3791.0,85.0
1568194308.4382,92508.0,820.0,3792.0,85.0
1568194308.4788992,92549.0,813.0,3792.0,86.0
1568194308.520001,92589.0,809.0,3792.0,89.0
1568194308.5618474,92631.0,802.0,3792.0,91.0
1568194308.6024728,92672.0,793.0,3792.0,91.0
1568194308.6439319,92714.0,765.0,3792.0,93.0
1568194308.6850958,92755.0,716.0,3792.0,95.0
1568194308.725878,92795.0,675.0,3792.0,100.0
1568194308.7668781,92836.0,655.0,3792.0,111.0
1568194308.8075988,92877.0,642.0,3792.0,129.0
1568194308.848971,92919.0,637.0,3792.0,172.0
1568194308.8897047,92959.0,616.0,3792.0,278.0
1568194308.9305012,93000.0,541.0,3792.0,8191.0
1568194308.9718943,93042.0,553.0,3792.0,-1.0
1568194309.0130074,93082.0,568.0,3792.0,8191.0
1568194309.03667,93124.0,567.0,3792.0,-1.0
1568194309.0774443,93147.0,566.0,3792.0,-1.0
1568194309.1182377,93188.0,566.0,3792.0,444.0
1568194309.1596813,93229.0,565.0,3792.0,244.0
1568194309.2004566,93270.0,564.0,3792.0,150.0
1568194309.2411866,93311.0,562.0,3792.0,110.0
1568194309.2822587,93352.0,564.0,3792.0,90.0
1568194309.3231797,93393.0,562.0,3792.0,92.0
1568194309.3649035,93434.0,561.0,3792.0,90.0
1568194309.4051497,93475.0,598.0,3792.0,82.0
1568194309.4460018,93515.0,723.0,3793.0,78.0
1568194309.487506,93557.0,797.0,3793.0,80.0
1568194309.528047,93598.0,809.0,3793.0,86.0
1568194309.5698676,93639.0,810.0,3793.0,85.0
1568194309.6106222,93680.0,813.0,3793.0,81.0
1568194309.6512787,93721.0,814.0,3793.0,86.0
1568194309.6931849,93762.0,813.0,3793.0,88.0
1568194309.7334373,93803.0,808.0,3793.0,87.0
1568194309.7749646,93845.0,796.0,3793.0,86.0
1568194309.8159394,93885.0,778.0,3793.0,86.0
1568194309.8563359,93926.0,752.0,3793.0,90.0
1568194309.897844,93967.0,720.0,3793.0,89.0
1568194309.9386365,94008.0,686.0,3793.0,87.0
1568194309.9799948,94050.0,662.0,3793.0,95.0
1568194310.0208182,94090.0,649.0,3793.0,101.0
1568194310.0614588,94131.0,639.0,3793.0,112.0
1568194310.1030526,94172.0,627.0,3793.0,134.0
1568194310.1439633,94213.0,620.0,3793.0,177.0
1568194310.1849732,94255.0,576.0,3793.0,315.0
1568194310.2258441,94295.0,504.0,3793.0,8191.0
1568194310.2664635,94336.0,561.0,3793.0,8191.0
1568194310.2902567,94377.0,562.0,3793.0,-1.0
1568194310.33154,94401.0,564.0,3793.0,8191.0
1568194310.3718224,94441.0,562.0,3793.0,8191.0
1568194310.412528,94482.0,560.0,3793.0,339.0
1568194310.4528863,94523.0,560.0,3794.0,216.0
1568194310.494368,94564.0,561.0,3794.0,146.0
1568194310.5352962,94605.0,561.0,3794.0,117.0
1568194310.5768392,94646.0,561.0,3794.0,103.0
1568194310.6189218,94688.0,561.0,3794.0,110.0
1568194310.6599605,94729.0,560.0,3794.0,108.0
1568194310.7011232,94771.0,559.0,3794.0,96.0
1568194310.741425,94811.0,672.0,3794.0,82.0
1568194310.7826126,94852.0,747.0,3794.0,76.0
1568194310.8236623,94893.0,786.0,3794.0,80.0
1568194310.8647065,94935.0,796.0,3794.0,85.0
1568194310.9064097,94976.0,799.0,3794.0,81.0
1568194310.946924,95017.0,805.0,3794.0,82.0
1568194310.9879825,95058.0,806.0,3794.0,82.0
1568194311.0299175,95099.0,805.0,3794.0,86.0
1568194311.0702705,95140.0,802.0,3794.0,87.0
1568194311.111469,95181.0,794.0,3794.0,89.0
1568194311.151975,95222.0,785.0,3794.0,90.0
1568194311.1927636,95263.0,764.0,3794.0,88.0
1568194311.234587,95304.0,730.0,3794.0,88.0
1568194311.2749863,95345.0,701.0,3794.0,90.0
1568194311.3167279,95386.0,674.0,3794.0,93.0
1568194311.3570492,95427.0,654.0,3794.0,95.0
1568194311.3977892,95468.0,639.0,3794.0,102.0
1568194311.4392211,95509.0,629.0,3795.0,107.0
1568194311.4803429,95550.0,626.0,3795.0,118.0
1568194311.5222416,95591.0,618.0,3795.0,130.0
1568194311.5635102,95633.0,613.0,3795.0,161.0
1568194311.6040392,95674.0,579.0,3795.0,231.0
1568194311.6446393,95714.0,519.0,3795.0,404.0
1568194311.6853302,95755.0,523.0,3795.0,8191.0
1568194311.7273316,95796.0,561.0,3795.0,8191.0
1568194311.767827,95837.0,557.0,3795.0,8191.0
1568194311.8079581,95878.0,557.0,3795.0,532.0
1568194311.8487058,95918.0,556.0,3795.0,218.0
1568194311.8896616,95959.0,557.0,3795.0,214.0
1568194311.9308627,96000.0,556.0,3795.0,142.0
1568194311.971666,96041.0,557.0,3795.0,107.0
1568194312.0119696,96082.0,556.0,3795.0,99.0
1568194312.0538712,96123.0,554.0,3795.0,98.0
1568194312.0946157,96164.0,552.0,3795.0,102.0
1568194312.135843,96205.0,549.0,3795.0,90.0
1568194312.1762984,96246.0,644.0,3795.0,84.0
1568194312.2169955,96287.0,745.0,3795.0,82.0
1568194312.258306,96327.0,788.0,3795.0,86.0
1568194312.2980492,96368.0,794.0,3795.0,84.0
1568194312.3396482,96409.0,797.0,3795.0,86.0
1568194312.380329,96450.0,807.0,3795.0,87.0
1568194312.4214704,96491.0,807.0,3796.0,91.0
1568194312.462446,96532.0,807.0,3796.0,89.0
1568194312.5034773,96573.0,802.0,3796.0,88.0
1568194312.545125,96614.0,798.0,3796.0,91.0
1568194312.5865319,96656.0,794.0,3796.0,93.0
1568194312.6269305,96697.0,782.0,3796.0,96.0
1568194312.667886,96737.0,758.0,3796.0,91.0
1568194312.7079713,96778.0,727.0,3796.0,94.0
1568194312.7494845,96819.0,696.0,3796.0,93.0
1568194312.7901359,96860.0,670.0,3796.0,98.0
1568194312.8314345,96901.0,656.0,3796.0,107.0
1568194312.8729606,96942.0,644.0,3796.0,119.0
1568194312.9135578,96983.0,638.0,3796.0,146.0
1568194312.954873,97024.0,614.0,3796.0,215.0
1568194312.995681,97065.0,536.0,3796.0,402.0
1568194313.0358698,97106.0,558.0,3796.0,-1.0
1568194313.0604587,97147.0,568.0,3796.0,-1.0
1568194313.08363,97171.0,568.0,3796.0,-1.0
1568194313.123839,97194.0,568.0,3796.0,-1.0
1568194313.165773,97235.0,567.0,3796.0,-1.0
1568194313.2063773,97276.0,566.0,3796.0,243.0
1568194313.2481887,97317.0,566.0,3796.0,169.0
1568194313.288624,97358.0,566.0,3796.0,123.0
1568194313.3289719,97399.0,562.0,3796.0,103.0
1568194313.3703356,97440.0,566.0,3796.0,99.0
1568194313.4111762,97481.0,560.0,3796.0,102.0
1568194313.4525566,97522.0,559.0,3797.0,95.0
1568194313.493751,97563.0,557.0,3797.0,82.0
1568194313.5344985,97604.0,691.0,3797.0,86.0
1568194313.5757904,97645.0,760.0,3797.0,83.0
1568194313.6169178,97686.0,783.0,3797.0,84.0
1568194313.658697,97728.0,786.0,3797.0,87.0
1568194313.6995254,97769.0,795.0,3797.0,84.0
1568194313.7400475,97810.0,801.0,3797.0,89.0
1568194313.7820077,97851.0,804.0,3797.0,87.0
1568194313.82227,97892.0,801.0,3797.0,86.0
1568194313.8636906,97933.0,794.0,3797.0,90.0
1568194313.90447,97974.0,787.0,3797.0,88.0
1568194313.9451408,98015.0,783.0,3797.0,92.0
1568194313.9866424,98056.0,770.0,3797.0,94.0
1568194314.027561,98097.0,740.0,3797.0,97.0
1568194314.069199,98139.0,706.0,3797.0,100.0
1568194314.110022,98179.0,672.0,3797.0,106.0
1568194314.1502247,98220.0,655.0,3797.0,111.0
1568194314.1916924,98261.0,644.0,3797.0,125.0
1568194314.2329092,98302.0,636.0,3797.0,159.0
1568194314.2738674,98343.0,620.0,3797.0,238.0
1568194314.3150136,98384.0,557.0,3797.0,8191.0
1568194314.337654,98425.0,507.0,3797.0,-1.0
1568194314.3617685,98449.0,561.0,3797.0,-1.0
1568194314.3851697,98472.0,567.0,3797.0,-1.0
1568194314.4082522,98496.0,564.0,3798.0,-1.0
1568194314.4317708,98519.0,562.0,3798.0,-1.0
1568194314.454745,98542.0,562.0,3798.0,-1.0
1568194314.4958684,98565.0,562.0,3798.0,8191.0
1568194314.5362694,98606.0,562.0,3798.0,331.0
1568194314.578322,98648.0,562.0,3798.0,199.0
1568194314.6191826,98689.0,562.0,3798.0,142.0
1568194314.6602454,98729.0,564.0,3798.0,104.0
1568194314.701262,98771.0,562.0,3798.0,95.0
1568194314.7416227,98812.0,561.0,3798.0,98.0
1568194314.783824,98853.0,560.0,3798.0,96.0
1568194314.824225,98894.0,559.0,3798.0,86.0
1568194314.8645868,98934.0,682.0,3798.0,84.0
1568194314.9059346,98976.0,750.0,3798.0,77.0
1568194314.9467592,99017.0,784.0,3798.0,84.0
1568194314.9881752,99058.0,787.0,3798.0,84.0
1568194315.0294027,99099.0,797.0,3798.0,83.0
1568194315.0698557,99139.0,829.0,3798.0,84.0
1568194315.1112597,99181.0,833.0,3798.0,83.0
1568194315.151913,99221.0,823.0,3798.0,84.0
1568194315.1934948,99263.0,826.0,3798.0,87.0
1568194315.2341216,99304.0,828.0,3798.0,88.0
1568194315.2743747,99344.0,805.0,3798.0,86.0
1568194315.3161826,99386.0,798.0,3798.0,91.0
1568194315.3565762,99426.0,796.0,3798.0,91.0
1568194315.3979924,99468.0,770.0,3798.0,91.0
1568194315.4389312,99509.0,726.0,3799.0,95.0
1568194315.4797535,99549.0,674.0,3799.0,105.0
1568194315.5212681,99591.0,661.0,3799.0,127.0
1568194315.5628493,99632.0,646.0,3799.0,173.0
1568194315.6044912,99674.0,627.0,3799.0,282.0
1568194315.645227,99714.0,564.0,3799.0,8191.0
1568194315.6682422,99755.0,585.0,3799.0,-1.0
1568194315.7097723,99779.0,585.0,3799.0,8191.0
1568194315.7331643,99820.0,582.0,3799.0,-1.0
1568194315.7739177,99843.0,580.0,3799.0,8191.0
1568194315.8150246,99884.0,580.0,3799.0,-1.0
1568194315.8557127,99925.0,578.0,3799.0,279.0
1568194315.8964405,99966.0,578.0,3799.0,183.0
1568194315.937844,7.0,578.0,3799.0,126.0
1568194315.9786668,48.0,577.0,3799.0,103.0
1568194316.0199287,90.0,576.0,3799.0,94.0
1568194316.060662,130.0,576.0,3799.0,95.0
1568194316.1015878,171.0,572.0,3799.0,95.0
1568194316.1426797,212.0,628.0,3799.0,84.0
1568194316.1832788,253.0,724.0,3799.0,80.0
1568194316.2252555,294.0,783.0,3799.0,85.0
1568194316.265449,335.0,798.0,3799.0,84.0
1568194316.30622,376.0,801.0,3799.0,85.0
1568194316.347662,417.0,811.0,3799.0,84.0
1568194316.3887527,458.0,812.0,3799.0,85.0
1568194316.4297533,499.0,807.0,3800.0,86.0
1568194316.470623,540.0,801.0,3800.0,89.0
1568194316.5109384,581.0,787.0,3800.0,90.0
1568194316.5523279,622.0,764.0,3800.0,89.0
1568194316.5941029,664.0,721.0,3800.0,93.0
1568194316.6355197,705.0,684.0,3800.0,93.0
1568194316.6767054,746.0,657.0,3800.0,98.0
1568194316.7180538,787.0,642.0,3800.0,109.0
1568194316.760235,829.0,633.0,3800.0,120.0
1568194316.8009567,870.0,628.0,3800.0,144.0
1568194316.8418734,912.0,632.0,3800.0,206.0
1568194316.882698,952.0,600.0,3800.0,362.0
1568194316.9061706,993.0,518.0,3800.0,-1.0
1568194316.9483397,1017.0,537.0,3800.0,8191.0
1568194316.9886014,1058.0,566.0,3800.0,8191.0
1568194317.0290833,1099.0,564.0,3800.0,941.0
1568194317.0706415,1140.0,562.0,3800.0,865.0
1568194317.1111844,1181.0,562.0,3800.0,404.0
1568194317.153064,1222.0,561.0,3800.0,229.0
1568194317.1933537,1263.0,561.0,3800.0,147.0
1568194317.2345936,1304.0,562.0,3800.0,117.0
1568194317.2755077,1345.0,562.0,3800.0,101.0
1568194317.316554,1386.0,562.0,3800.0,104.0
1568194317.3578966,1427.0,560.0,3800.0,105.0
1568194317.3980377,1468.0,560.0,3800.0,91.0
1568194317.438941,1508.0,701.0,3801.0,80.0
1568194317.4802074,1550.0,775.0,3801.0,80.0
1568194317.5212595,1591.0,796.0,3801.0,88.0
1568194317.5631194,1632.0,800.0,3801.0,87.0
1568194317.604171,1673.0,805.0,3801.0,86.0
1568194317.6442587,1714.0,808.0,3801.0,83.0
1568194317.6864734,1755.0,810.0,3801.0,87.0
1568194317.726578,1796.0,807.0,3801.0,90.0
1568194317.7682993,1838.0,800.0,3801.0,91.0
1568194317.8090768,1878.0,792.0,3801.0,90.0
1568194317.8492603,1919.0,772.0,3801.0,93.0
1568194317.8900554,1960.0,733.0,3801.0,93.0
1568194317.9304888,2000.0,692.0,3801.0,95.0
1568194317.9722066,2042.0,666.0,3801.0,99.0
1568194318.01295,2083.0,653.0,3801.0,110.0
1568194318.054091,2123.0,636.0,3801.0,121.0
1568194318.0951588,2164.0,634.0,3801.0,144.0
1568194318.1354983,2205.0,627.0,3801.0,196.0
1568194318.177082,2247.0,578.0,3801.0,367.0
1568194318.2179928,2287.0,513.0,3801.0,8191.0
1568194318.2587545,2328.0,568.0,3801.0,8191.0
1568194318.3001554,2369.0,564.0,3801.0,8191.0
1568194318.3409963,2410.0,561.0,3801.0,8191.0
1568194318.3820143,2452.0,561.0,3801.0,464.0
1568194318.4227717,2492.0,562.0,3802.0,263.0
1568194318.4636953,2533.0,564.0,3802.0,169.0
1568194318.5048826,2574.0,561.0,3802.0,118.0
1568194318.5457654,2615.0,560.0,3802.0,101.0
1568194318.5877478,2657.0,557.0,3802.0,96.0
1568194318.6281738,2698.0,556.0,3802.0,102.0
1568194318.6689773,2739.0,555.0,3802.0,91.0
1568194318.709769,2779.0,686.0,3802.0,84.0
1568194318.7504873,2820.0,759.0,3802.0,76.0
1568194318.791915,2861.0,795.0,3802.0,79.0
1568194318.8322217,2902.0,800.0,3802.0,82.0
1568194318.8734086,2943.0,807.0,3802.0,84.0
1568194318.9144144,2984.0,811.0,3802.0,82.0
1568194318.9551208,3025.0,807.0,3802.0,82.0
1568194318.996459,3066.0,802.0,3802.0,84.0
1568194319.0377471,3107.0,795.0,3802.0,86.0
1568194319.0779827,3148.0,788.0,3802.0,85.0
1568194319.1186588,3188.0,775.0,3802.0,89.0
1568194319.1591513,3229.0,745.0,3802.0,90.0
1568194319.2007463,3270.0,708.0,3802.0,91.0
1568194319.2410529,3311.0,675.0,3802.0,91.0
1568194319.2819476,3352.0,657.0,3802.0,95.0
1568194319.3236225,3393.0,644.0,3802.0,103.0
1568194319.3642392,3434.0,632.0,3802.0,109.0
1568194319.4056597,3475.0,620.0,3802.0,126.0
1568194319.4466379,3516.0,617.0,3803.0,158.0
1568194319.4871407,3557.0,594.0,3803.0,228.0
1568194319.5288272,3598.0,516.0,3803.0,250.0
1568194319.5700521,3639.0,519.0,3803.0,300.0
1568194319.611495,3681.0,561.0,3803.0,436.0
1568194319.6529303,3722.0,558.0,3803.0,8191.0
1568194319.6932116,3762.0,557.0,3803.0,8191.0
1568194319.7336056,3803.0,556.0,3803.0,387.0
1568194319.7746527,3844.0,556.0,3803.0,235.0
1568194319.8161721,3886.0,558.0,3803.0,154.0
1568194319.8568854,3927.0,557.0,3803.0,117.0
1568194319.8972616,3967.0,556.0,3803.0,99.0
1568194319.9380288,4008.0,556.0,3803.0,99.0
1568194319.9789374,4048.0,555.0,3803.0,96.0
1568194320.0201476,4090.0,645.0,3803.0,88.0
1568194320.060972,4131.0,725.0,3803.0,82.0
1568194320.1016335,4171.0,774.0,3803.0,85.0
1568194320.1430683,4213.0,782.0,3803.0,84.0
1568194320.1841445,4253.0,794.0,3803.0,83.0
1568194320.2252965,4295.0,804.0,3803.0,84.0
1568194320.2664745,4336.0,810.0,3803.0,82.0
1568194320.306652,4376.0,811.0,3803.0,86.0
1568194320.3477998,4418.0,806.0,3803.0,82.0
1568194320.3889215,4458.0,804.0,3803.0,85.0
1568194320.430478,4500.0,800.0,3804.0,85.0
1568194320.47105,4541.0,793.0,3804.0,87.0
1568194320.5121408,4582.0,775.0,3804.0,88.0
1568194320.5526419,4622.0,735.0,3804.0,89.0
1568194320.5940096,4663.0,701.0,3804.0,90.0
1568194320.63553,4705.0,669.0,3804.0,95.0
1568194320.676576,4746.0,654.0,3804.0,101.0
1568194320.717351,4787.0,640.0,3804.0,115.0
1568194320.7577658,4827.0,634.0,3804.0,137.0
1568194320.7983408,4868.0,627.0,3804.0,185.0
1568194320.8398666,4909.0,586.0,3804.0,317.0
1568194320.880942,4950.0,520.0,3804.0,8191.0
1568194320.9216354,4991.0,568.0,3804.0,8191.0
1568194320.962628,5032.0,566.0,3804.0,8191.0
1568194321.0029101,5072.0,562.0,3804.0,728.0
1568194321.0441391,5114.0,562.0,3804.0,545.0
1568194321.0849147,5154.0,561.0,3804.0,295.0
1568194321.1261628,5195.0,561.0,3804.0,184.0
1568194321.1670341,5236.0,561.0,3804.0,130.0
1568194321.2082567,5277.0,559.0,3804.0,111.0
1568194321.2486215,5318.0,559.0,3804.0,106.0
1568194321.2889423,5359.0,558.0,3804.0,113.0
1568194321.329366,5399.0,556.0,3804.0,102.0
1568194321.3708596,5440.0,637.0,3804.0,88.0
1568194321.4117033,5481.0,729.0,3804.0,79.0
1568194321.453282,5523.0,783.0,3805.0,81.0
1568194321.4941466,5563.0,792.0,3805.0,80.0
1568194321.5346296,5604.0,798.0,3805.0,80.0
1568194321.5769703,5646.0,805.0,3805.0,82.0
1568194321.617266,5687.0,804.0,3805.0,85.0
1568194321.6586266,5728.0,800.0,3805.0,86.0
1568194321.6994014,5769.0,797.0,3805.0,84.0
1568194321.739796,5810.0,795.0,3805.0,86.0
1568194321.7816164,5851.0,794.0,3805.0,89.0
1568194321.8224902,5892.0,788.0,3805.0,88.0
1568194321.8640559,5933.0,776.0,3805.0,87.0
1568194321.9041226,5974.0,740.0,3805.0,90.0
1568194321.9453266,6015.0,706.0,3805.0,92.0
1568194321.9866369,6056.0,669.0,3805.0,95.0
1568194322.0276716,6097.0,651.0,3805.0,103.0
1568194322.068776,6138.0,637.0,3805.0,110.0
1568194322.1095505,6179.0,632.0,3805.0,132.0
1568194322.1504383,6220.0,626.0,3805.0,168.0
1568194322.1921492,6261.0,596.0,3805.0,264.0
1568194322.2326593,6302.0,534.0,3805.0,8191.0
1568194322.2740066,6343.0,554.0,3805.0,8191.0
1568194322.31477,6384.0,567.0,3805.0,8191.0
1568194322.3553858,6425.0,564.0,3805.0,8191.0
1568194322.3958035,6465.0,562.0,3805.0,8191.0
1568194322.4362016,6506.0,561.0,3806.0,430.0
1568194322.4780326,6547.0,562.0,3806.0,278.0
1568194322.5183423,6588.0,562.0,3806.0,183.0
1568194322.5591342,6629.0,561.0,3806.0,135.0
1568194322.6012247,6670.0,559.0,3806.0,112.0
1568194322.6417997,6711.0,559.0,3806.0,104.0
1568194322.6836221,6753.0,559.0,3806.0,103.0
1568194322.7236478,6794.0,560.0,3806.0,92.0
1568194322.7643697,6834.0,568.0,3806.0,84.0
1568194322.8052418,6875.0,684.0,3806.0,78.0
1568194322.8460226,6915.0,746.0,3806.0,76.0
1568194322.8880382,6957.0,764.0,3806.0,83.0
1568194322.9287205,6998.0,773.0,3806.0,86.0
1568194322.969207,7039.0,778.0,3806.0,88.0
1568194323.0100873,7080.0,784.0,3806.0,86.0
1568194323.0506475,7120.0,782.0,3806.0,88.0
1568194323.0921447,7162.0,773.0,3806.0,91.0
1568194323.1324897,7202.0,756.0,3806.0,90.0
1568194323.1737618,7243.0,730.0,3806.0,93.0
1568194323.214809,7284.0,710.0,3806.0,95.0
1568194323.2555923,7325.0,682.0,3806.0,98.0
1568194323.2970026,7366.0,655.0,3806.0,99.0
1568194323.338154,7407.0,643.0,3806.0,103.0
1568194323.3783314,7448.0,634.0,3806.0,116.0
1568194323.4198332,7489.0,630.0,3807.0,124.0
1568194323.4609468,7530.0,632.0,3807.0,153.0
1568194323.502022,7571.0,630.0,3807.0,224.0
1568194323.5423472,7612.0,594.0,3807.0,-1.0
1568194323.5845437,7654.0,572.0,3807.0,805.0
1568194323.6260006,7695.0,586.0,3807.0,886.0
1568194323.6665993,7736.0,586.0,3807.0,944.0
1568194323.7085106,7778.0,585.0,3807.0,1066.0
1568194323.7486708,7818.0,585.0,3807.0,-1.0
1568194323.7899585,7859.0,585.0,3807.0,397.0
1568194323.8305478,7900.0,585.0,3807.0,285.0
1568194323.870681,7940.0,586.0,3807.0,200.0
1568194323.912477,7982.0,586.0,3807.0,157.0
1568194323.952836,8022.0,585.0,3807.0,120.0
1568194323.9934952,8063.0,583.0,3807.0,103.0
1568194324.0342276,8104.0,580.0,3807.0,101.0
1568194324.0746272,8144.0,580.0,3807.0,96.0
1568194324.1161442,8186.0,596.0,3807.0,83.0
1568194324.157341,8227.0,720.0,3807.0,80.0
1568194324.1976247,8267.0,786.0,3807.0,87.0
1568194324.2390416,8308.0,796.0,3807.0,83.0
1568194324.27941,8349.0,801.0,3807.0,85.0
1568194324.3211758,8391.0,809.0,3807.0,84.0
1568194324.361492,8431.0,807.0,3807.0,86.0
1568194324.4024646,8472.0,795.0,3807.0,87.0
1568194324.4437633,8513.0,765.0,3808.0,90.0
1568194324.484415,8554.0,724.0,3808.0,94.0
1568194324.5263991,8596.0,689.0,3808.0,93.0
1568194324.5666013,8636.0,663.0,3808.0,96.0
1568194324.6084569,8678.0,646.0,3808.0,98.0
1568194324.6492777,8718.0,636.0,3808.0,106.0
1568194324.6896977,8759.0,628.0,3808.0,114.0
1568194324.730963,8801.0,627.0,3808.0,130.0
1568194324.7717648,8841.0,625.0,3808.0,153.0
1568194324.8126838,8882.0,628.0,3808.0,214.0
1568194324.8539848,8923.0,608.0,3808.0,377.0
1568194324.8770626,8964.0,543.0,3808.0,-1.0
1568194324.901104,8988.0,540.0,3808.0,-1.0
1568194324.9249537,9012.0,567.0,3808.0,-1.0
1568194324.947565,9035.0,566.0,3808.0,-1.0
1568194324.9711869,9058.0,566.0,3808.0,-1.0
1568194324.9941323,9081.0,566.0,3808.0,-1.0
1568194325.0185235,9105.0,567.0,3808.0,-1.0
1568194325.0593174,9129.0,567.0,3808.0,546.0
1568194325.1003973,9169.0,567.0,3808.0,347.0
1568194325.1416368,9211.0,568.0,3808.0,219.0
1568194325.182233,9252.0,570.0,3808.0,143.0
1568194325.2226598,9292.0,570.0,3808.0,110.0
1568194325.2630174,9333.0,569.0,3808.0,91.0
1568194325.3040051,9373.0,567.0,3808.0,88.0
1568194325.3451326,9415.0,564.0,3808.0,91.0
1568194325.38598,9456.0,562.0,3808.0,83.0
1568194325.4266696,9496.0,699.0,3809.0,80.0
1568194325.4680808,9538.0,781.0,3809.0,81.0
1568194325.5092704,9578.0,800.0,3809.0,81.0
1568194325.550203,9620.0,805.0,3809.0,80.0
1568194325.591952,9661.0,812.0,3809.0,83.0
1568194325.6325197,9702.0,813.0,3809.0,85.0
1568194325.6732695,9743.0,811.0,3809.0,83.0
1568194325.7134714,9783.0,806.0,3809.0,84.0
1568194325.7551754,9825.0,794.0,3809.0,85.0
1568194325.7960649,9865.0,768.0,3809.0,89.0
1568194325.836707,9906.0,736.0,3809.0,90.0
1568194325.8785877,9948.0,696.0,3809.0,95.0
1568194325.919271,9989.0,663.0,3809.0,92.0
1568194325.961173,10030.0,646.0,3809.0,100.0
1568194326.0022898,10071.0,633.0,3809.0,108.0
1568194326.0426397,10112.0,625.0,3809.0,116.0
1568194326.0829554,10152.0,616.0,3809.0,136.0
1568194326.1240287,10193.0,616.0,3809.0,183.0
1568194326.1651294,10234.0,595.0,3809.0,277.0
1568194326.2059038,10275.0,525.0,3809.0,8191.0
1568194326.2466867,10316.0,514.0,3809.0,8191.0
1568194326.2870808,10356.0,567.0,3809.0,8191.0
1568194326.3278008,10397.0,564.0,3809.0,8191.0
1568194326.36915,10438.0,562.0,3809.0,440.0
1568194326.4099956,10479.0,562.0,3809.0,444.0
1568194326.4502163,10520.0,564.0,3810.0,239.0
1568194326.4920425,10561.0,567.0,3810.0,160.0
1568194326.5326183,10602.0,567.0,3810.0,125.0
1568194326.57466,10644.0,565.0,3810.0,106.0
1568194326.6154919,10685.0,562.0,3810.0,107.0
1568194326.6561098,10726.0,561.0,3810.0,110.0
1568194326.6966083,10766.0,562.0,3810.0,102.0
1568194326.7372425,10807.0,601.0,3810.0,89.0
1568194326.7784941,10848.0,726.0,3810.0,81.0
1568194326.8195574,10889.0,774.0,3810.0,79.0
1568194326.8604665,10930.0,788.0,3810.0,86.0
1568194326.9014719,10971.0,797.0,3810.0,85.0
1568194326.9419453,11012.0,799.0,3810.0,82.0
1568194326.9836721,11053.0,808.0,3810.0,85.0
1568194327.0240402,11094.0,807.0,3810.0,86.0
1568194327.0648465,11135.0,804.0,3810.0,86.0
1568194327.1062496,11176.0,800.0,3810.0,86.0
1568194327.1470604,11217.0,794.0,3810.0,89.0
1568194327.1888535,11258.0,786.0,3810.0,95.0
1568194327.2291322,11299.0,769.0,3810.0,91.0
1568194327.2703588,11339.0,735.0,3810.0,93.0
1568194327.311337,11381.0,692.0,3810.0,96.0
1568194327.3516896,11422.0,661.0,3810.0,96.0
1568194327.3935819,11463.0,640.0,3810.0,103.0
1568194327.43465,11504.0,629.0,3811.0,114.0
1568194327.4749951,11544.0,620.0,3811.0,144.0
1568194327.51689,11586.0,608.0,3811.0,211.0
1568194327.5571363,11627.0,585.0,3811.0,404.0
1568194327.5988822,11668.0,596.0,3811.0,551.0
1568194327.6397107,11709.0,595.0,3811.0,570.0
1568194327.680692,11750.0,592.0,3811.0,515.0
1568194327.7213783,11791.0,590.0,3811.0,339.0
1568194327.7623165,11831.0,589.0,3811.0,237.0
1568194327.8032832,11873.0,589.0,3811.0,165.0
1568194327.8436868,11913.0,589.0,3811.0,127.0
1568194327.884869,11954.0,588.0,3811.0,104.0
1568194327.9259067,11995.0,585.0,3811.0,95.0
1568194327.9665213,12036.0,616.0,3811.0,92.0
1568194328.007964,12078.0,704.0,3811.0,94.0
1568194328.0485835,12118.0,741.0,3811.0,92.0
1568194328.0899148,12159.0,756.0,3811.0,90.0
1568194328.129938,12200.0,776.0,3811.0,89.0
1568194328.1705763,12240.0,792.0,3811.0,88.0
1568194328.2124555,12282.0,798.0,3811.0,90.0
1568194328.2528374,12322.0,800.0,3811.0,92.0
1568194328.2936094,12363.0,799.0,3811.0,89.0
1568194328.3350663,12404.0,798.0,3811.0,88.0
1568194328.3758235,12445.0,798.0,3811.0,90.0
1568194328.4173553,12487.0,797.0,3811.0,87.0
1568194328.4583547,12527.0,796.0,3812.0,92.0
1568194328.4984655,12568.0,793.0,3812.0,88.0
1568194328.5396812,12609.0,787.0,3812.0,95.0
1568194328.581624,12651.0,783.0,3812.0,93.0
1568194328.6228623,12692.0,781.0,3812.0,93.0
1568194328.6638527,12733.0,777.0,3812.0,89.0
1568194328.7043717,12774.0,775.0,3812.0,92.0
1568194328.7447293,12815.0,776.0,3812.0,90.0
1568194328.786005,12855.0,775.0,3812.0,89.0
1568194328.8270953,12897.0,772.0,3812.0,90.0
1568194328.86771,12937.0,769.0,3812.0,88.0
1568194328.9088736,12978.0,768.0,3812.0,94.0
1568194328.9506936,13020.0,768.0,3812.0,91.0
1568194328.991261,13061.0,769.0,3812.0,92.0
1568194329.0328624,13102.0,768.0,3812.0,92.0
1568194329.0740247,13143.0,768.0,3812.0,92.0
1568194329.1142135,13184.0,770.0,3812.0,94.0
1568194329.1551049,13224.0,770.0,3812.0,93.0
1568194329.195397,13265.0,773.0,3812.0,92.0
1568194329.236774,13306.0,774.0,3812.0,93.0
1568194329.2779055,13347.0,774.0,3812.0,93.0
1568194329.3181648,13388.0,775.0,3812.0,97.0
1568194329.359186,13428.0,775.0,3812.0,93.0
1568194329.3995574,13469.0,776.0,3812.0,93.0
1568194329.4406338,13510.0,776.0,3813.0,92.0
1568194329.4816322,13551.0,776.0,3813.0,93.0
1568194329.522638,13592.0,776.0,3813.0,88.0
1568194329.5636446,13633.0,777.0,3813.0,94.0
1568194329.6053631,13675.0,778.0,3813.0,87.0
1568194329.6466608,13716.0,778.0,3813.0,88.0
1568194329.6875174,13757.0,778.0,3813.0,91.0
1568194329.7280498,13798.0,780.0,3813.0,91.0
1568194329.7687142,13838.0,780.0,3813.0,90.0
1568194329.8092437,13879.0,780.0,3813.0,90.0
1568194329.8505733,13920.0,780.0,3813.0,89.0
1568194329.8914676,13961.0,778.0,3813.0,88.0
1568194329.932624,14002.0,781.0,3813.0,92.0
1568194329.9740567,14043.0,781.0,3813.0,90.0
1568194330.0142128,14084.0,780.0,3813.0,93.0
1568194330.0564058,14125.0,780.0,3813.0,92.0
1568194330.0964766,14166.0,780.0,3813.0,88.0
1568194330.1371222,14207.0,781.0,3813.0,89.0
1568194330.1785882,14248.0,780.0,3813.0,91.0
1568194330.2191944,14289.0,781.0,3813.0,91.0
1568194330.2606165,14330.0,781.0,3813.0,89.0
1568194330.3016694,14371.0,781.0,3813.0,88.0
1568194330.3421485,14412.0,780.0,3813.0,87.0
1568194330.3839579,14453.0,780.0,3813.0,90.0
1568194330.4245064,14494.0,780.0,3814.0,94.0
1568194330.4660938,14536.0,781.0,3814.0,92.0
1568194330.5066416,14576.0,781.0,3814.0,95.0
1568194330.5473661,14617.0,781.0,3814.0,87.0
1568194330.588686,14658.0,781.0,3814.0,93.0
1568194330.6291614,14699.0,781.0,3814.0,91.0
1568194330.6709113,14740.0,781.0,3814.0,91.0
1568194330.7116456,14781.0,782.0,3814.0,89.0
1568194330.7526991,14822.0,782.0,3814.0,93.0
1568194330.7929068,14863.0,785.0,3814.0,89.0
1568194330.8338175,14903.0,782.0,3814.0,94.0
1568194330.875063,14944.0,782.0,3814.0,93.0
1568194330.916223,14986.0,782.0,3814.0,92.0
1568194330.9567246,15026.0,782.0,3814.0,90.0
1568194330.9979913,15067.0,782.0,3814.0,92.0
1568194331.0383859,15108.0,782.0,3814.0,90.0
1568194331.0787296,15148.0,782.0,3814.0,92.0
1568194331.1190608,15189.0,782.0,3814.0,91.0
1568194331.1600275,15229.0,782.0,3814.0,86.0
1568194331.2019815,15271.0,782.0,3814.0,93.0
1568194331.2420294,15312.0,782.0,3814.0,91.0
1568194331.283588,15353.0,782.0,3814.0,92.0
1568194331.3245122,15394.0,782.0,3814.0,92.0
1568194331.3650703,15434.0,782.0,3814.0,88.0
1568194331.4067216,15476.0,782.0,3814.0,90.0
1568194331.4471548,15517.0,781.0,3815.0,93.0
1568194331.4889433,15558.0,782.0,3815.0,94.0
1568194331.529179,15599.0,782.0,3815.0,89.0
1568194331.5704107,15639.0,782.0,3815.0,92.0
1568194331.6119595,15681.0,782.0,3815.0,89.0
1568194331.6526392,15722.0,782.0,3815.0,91.0
1568194331.694169,15764.0,781.0,3815.0,93.0
1568194331.7347512,15804.0,783.0,3815.0,94.0
1568194331.7754388,15845.0,782.0,3815.0,90.0
1568194331.8167512,15886.0,782.0,3815.0,92.0
1568194331.857469,15927.0,782.0,3815.0,92.0
1568194331.899108,15968.0,783.0,3815.0,93.0
1568194331.9400363,16009.0,783.0,3815.0,92.0
1568194331.9807348,16050.0,783.0,3815.0,91.0
1568194332.0225725,16092.0,783.0,3815.0,88.0
1568194332.063201,16133.0,783.0,3815.0,91.0
1568194332.1048818,16174.0,783.0,3815.0,92.0
1568194332.1453924,16215.0,783.0,3815.0,91.0
1568194332.1860986,16256.0,782.0,3815.0,91.0
1568194332.226544,16296.0,782.0,3815.0,93.0
1568194332.2672026,16337.0,782.0,3815.0,90.0
1568194332.3085358,16378.0,783.0,3815.0,91.0
1568194332.349305,16419.0,783.0,3815.0,88.0
1568194332.390091,16460.0,782.0,3815.0,91.0
1568194332.431493,16501.0,783.0,3816.0,92.0
1568194332.4722211,16542.0,783.0,3816.0,92.0
1568194332.5139036,16583.0,783.0,3816.0,92.0
1568194332.5545118,16624.0,783.0,3816.0,93.0
1568194332.5961368,16665.0,783.0,3816.0,96.0
1568194332.6367846,16706.0,784.0,3816.0,93.0
1568194332.6774192,16747.0,783.0,3816.0,89.0
1568194332.7184653,16788.0,783.0,3816.0,93.0
1568194332.7594054,16829.0,783.0,3816.0,92.0
1568194332.8001797,16870.0,784.0,3816.0,92.0
1568194332.8404481,16910.0,783.0,3816.0,92.0
1568194332.8810592,16951.0,784.0,3816.0,92.0
1568194332.922581,16992.0,784.0,3816.0,90.0
1568194332.9636247,17033.0,783.0,3816.0,91.0
1568194333.0037756,17074.0,784.0,3816.0,92.0
1568194333.045361,17115.0,783.0,3816.0,89.0
1568194333.0861282,17156.0,783.0,3816.0,92.0
1568194333.1273766,17197.0,783.0,3816.0,88.0
1568194333.1682992,17238.0,784.0,3816.0,93.0
1568194333.2094448,17279.0,784.0,3816.0,93.0
1568194333.2505307,17320.0,783.0,3816.0,93.0
1568194333.2914636,17361.0,783.0,3816.0,90.0
1568194333.3326247,17402.0,784.0,3816.0,92.0
1568194333.3738544,17443.0,784.0,3816.0,93.0
1568194333.4145308,17484.0,783.0,3816.0,91.0
1568194333.4550881,17525.0,784.0,3817.0,95.0
1568194333.4957435,17565.0,784.0,3817.0,88.0
1568194333.5372503,17607.0,783.0,3817.0,87.0
1568194333.5782259,17647.0,784.0,3817.0,94.0
1568194333.6191523,17689.0,784.0,3817.0,94.0
1568194333.6601102,17730.0,784.0,3817.0,94.0
1568194333.7011795,17770.0,783.0,3817.0,90.0
1568194333.742457,17812.0,784.0,3817.0,93.0
1568194333.7832322,17852.0,783.0,3817.0,92.0
1568194333.8236628,17893.0,783.0,3817.0,92.0
1568194333.8651223,17934.0,783.0,3817.0,88.0
1568194333.90589,17975.0,783.0,3817.0,93.0
